timestamp,subset,model,cluster_id,best_params,best_score,rmse,mean_train_score
2025-05-10_00:59:46,False,linear,0,"{'preprocessing': ColumnTransformer(remainder='passthrough', transformers=[('num', StandardScaler(), ['temperature_2m', 'rain', 'snowfall', 'cloud_cover', 'wind_speed_10m', 'num_bikes_available', 'latitude', 'longitude']), ('cat', OneHotEncoder(handle_unknown='ignore', sparse_output=False), ['isHoliday', 'has_kiosk', 'weather_cluster', 'workhours', 'commute', 'free', 'night']), ('time', OneHotEncoder(handle_unknown='ignore', sparse_output=False), ['weekday', 'day', 'month', 'hour'])])}",2.6317292319114918,1.6222605314534073,2.646095278344028
2025-05-10_01:51:38,False,lasso,0,"{'preprocessing': ColumnTransformer(remainder='passthrough', transformers=[('num', StandardScaler(), ['temperature_2m', 'rain', 'snowfall', 'cloud_cover', 'wind_speed_10m', 'num_bikes_available', 'latitude', 'longitude']), ('cat', OneHotEncoder(handle_unknown='ignore', sparse_output=False), ['isHoliday', 'has_kiosk', 'weather_cluster', 'workhours', 'commute', 'free', 'night']), ('time', OneHotEncoder(handle_unknown='ignore', sparse_output=False), ['weekday', 'day', 'month', 'hour'])]), 'regressor__alpha': np.float64(0.0006951927961775605), 'regressor__max_iter': 1000}",2.6302144733735178,1.6217935976484548,3.116829571133761
2025-05-10_01:55:44,False,ridge,0,"{'preprocessing': ColumnTransformer(remainder='passthrough', transformers=[('num', StandardScaler(), ['temperature_2m', 'rain', 'snowfall', 'cloud_cover', 'wind_speed_10m', 'num_bikes_available', 'latitude', 'longitude']), ('cat', OneHotEncoder(handle_unknown='ignore', sparse_output=False), ['isHoliday', 'has_kiosk', 'weather_cluster', 'workhours', 'commute', 'free', 'night']), ('time', OneHotEncoder(handle_unknown='ignore', sparse_output=False), ['weekday', 'day', 'month', 'hour'])]), 'regressor__alpha': np.float64(206.913808111479)}",2.6312878114988463,1.622124474724072,2.648558215764503
2025-05-10_02:05:58,False,polynomial,0,"{'poly__poly__degree': 2, 'preprocessing': ColumnTransformer(remainder='passthrough', transformers=[('num', StandardScaler(), ['temperature_2m', 'rain', 'snowfall', 'cloud_cover', 'wind_speed_10m', 'num_bikes_available', 'latitude', 'longitude']), ('cat', OneHotEncoder(handle_unknown='ignore', sparse_output=False), ['isHoliday', 'has_kiosk', 'weather_cluster', 'workhours', 'commute', 'free', 'night']), ('time', OneHotEncoder(handle_unknown='ignore', sparse_output=False), ['weekday', 'day', 'month', 'hour'])])}",2.8030289767456757,1.6742248883425654,2.6333971424218277
2025-05-10_02:15:15,False,decision_tree,0,"{'preprocessing': ColumnTransformer(remainder='passthrough', transformers=[('num', StandardScaler(), ['temperature_2m', 'rain', 'snowfall', 'cloud_cover', 'wind_speed_10m', 'num_bikes_available', 'latitude', 'longitude']), ('cat', OneHotEncoder(handle_unknown='ignore', sparse_output=False), ['isHoliday', 'has_kiosk', 'weather_cluster', 'workhours', 'commute', 'free', 'night'])]), 'regressor__max_depth': 10, 'regressor__min_samples_split': 20}",2.6560625835757383,1.629743103552133,2.1254669752043416
2025-05-10_02:19:26,False,xgboost,0,"{'preprocessing': ColumnTransformer(remainder='passthrough', transformers=[('num', StandardScaler(), ['temperature_2m', 'rain', 'snowfall', 'cloud_cover', 'wind_speed_10m', 'num_bikes_available', 'latitude', 'longitude']), ('cat', OneHotEncoder(handle_unknown='ignore', sparse_output=False), ['isHoliday', 'has_kiosk', 'weather_cluster', 'workhours', 'commute', 'free', 'night']), ('time', OneHotEncoder(handle_unknown='ignore', sparse_output=False), ['weekday', 'day', 'month', 'hour'])]), 'regressor__learning_rate': 0.1, 'regressor__max_depth': 6, 'regressor__n_estimators': 50}",2.431554188497879,1.5593441533214785,2.4515177061910864
2025-05-10_17:41:45,False,linear,1,"{'preprocessing': ColumnTransformer(remainder='passthrough', transformers=[('num', StandardScaler(), ['temperature_2m', 'rain', 'snowfall', 'cloud_cover', 'wind_speed_10m', 'num_bikes_available', 'latitude', 'longitude']), ('cat', OneHotEncoder(handle_unknown='ignore', sparse_output=False), ['isHoliday', 'has_kiosk', 'weather_cluster', 'workhours', 'commute', 'free', 'night']), ('sin_mo... func=<function cos_transformer.<locals>._transform at 0x75052f1e4400>, validate=True), ['month']), ('cos_hour', FunctionTransformer(feature_names_out='one-to-one', func=<function cos_transformer.<locals>._transform at 0x75052f1e4180>, validate=True), ['hour']), ('cos_weekday', FunctionTransformer(feature_names_out='one-to-one', func=<function cos_transformer.<locals>._transform at 0x75052f1e4220>, validate=True), ['weekday'])])}",0.8976854691380568,0.9474626478854229,1.1599771997166126
2025-05-10_18:22:47,False,lasso,1,"{'preprocessing': ColumnTransformer(remainder='passthrough', transformers=[('num', StandardScaler(), ['temperature_2m', 'rain', 'snowfall', 'cloud_cover', 'wind_speed_10m', 'num_bikes_available', 'latitude', 'longitude']), ('cat', OneHotEncoder(handle_unknown='ignore', sparse_output=False), ['isHoliday', 'has_kiosk', 'weather_cluster', 'workhours', 'commute', 'free', 'night']), ('sin_mo... func=<function cos_transformer.<locals>._transform at 0x75052f1e4400>, validate=True), ['month']), ('cos_hour', FunctionTransformer(feature_names_out='one-to-one', func=<function cos_transformer.<locals>._transform at 0x75052f1e4180>, validate=True), ['hour']), ('cos_weekday', FunctionTransformer(feature_names_out='one-to-one', func=<function cos_transformer.<locals>._transform at 0x75052f1e4220>, validate=True), ['weekday'])]), 'regressor__alpha': np.float64(0.08858667904100823), 'regressor__max_iter': 1000}",0.8486227666157428,0.9212072332628217,1.275238554447934
2025-05-10_18:28:10,False,ridge,1,"{'preprocessing': ColumnTransformer(remainder='passthrough', transformers=[('num', StandardScaler(), ['temperature_2m', 'rain', 'snowfall', 'cloud_cover', 'wind_speed_10m', 'num_bikes_available', 'latitude', 'longitude']), ('cat', OneHotEncoder(handle_unknown='ignore', sparse_output=False), ['isHoliday', 'has_kiosk', 'weather_cluster', 'workhours', 'commute', 'free', 'night']), ('time', OneHotEncoder(handle_unknown='ignore', sparse_output=False), ['weekday', 'day', 'month', 'hour'])]), 'regressor__alpha': np.float64(10000.0)}",0.8682636418789501,0.9318066547728397,1.160485594238303
2025-05-10_18:41:02,False,decision_tree,1,"{'preprocessing': ColumnTransformer(remainder='passthrough', transformers=[('num', StandardScaler(), ['temperature_2m', 'rain', 'snowfall', 'cloud_cover', 'wind_speed_10m', 'num_bikes_available', 'latitude', 'longitude']), ('cat', OneHotEncoder(handle_unknown='ignore', sparse_output=False), ['isHoliday', 'has_kiosk', 'weather_cluster', 'workhours', 'commute', 'free', 'night']), ('time', OneHotEncoder(handle_unknown='ignore', sparse_output=False), ['weekday', 'day', 'month', 'hour'])]), 'regressor__max_depth': 5, 'regressor__min_samples_split': 2}",0.8205383766831986,0.905835733829925,0.8520593626269757
2025-05-10_18:44:23,False,xgboost,1,"{'preprocessing': ColumnTransformer(remainder='passthrough', transformers=[('num', StandardScaler(), ['temperature_2m', 'rain', 'snowfall', 'cloud_cover', 'wind_speed_10m', 'num_bikes_available', 'latitude', 'longitude']), ('cat', OneHotEncoder(handle_unknown='ignore', sparse_output=False), ['isHoliday', 'has_kiosk', 'weather_cluster', 'workhours', 'commute', 'free', 'night']), ('sin_mo... func=<function cos_transformer.<locals>._transform at 0x75052f1e4400>, validate=True), ['month']), ('cos_hour', FunctionTransformer(feature_names_out='one-to-one', func=<function cos_transformer.<locals>._transform at 0x75052f1e4180>, validate=True), ['hour']), ('cos_weekday', FunctionTransformer(feature_names_out='one-to-one', func=<function cos_transformer.<locals>._transform at 0x75052f1e4220>, validate=True), ['weekday'])]), 'regressor__learning_rate': 0.1, 'regressor__max_depth': 3, 'regressor__n_estimators': 100}",0.7361017826450795,0.8579637420340556,0.9864692927228106
2025-05-10_18:46:42,False,linear,2,"{'preprocessing': ColumnTransformer(remainder='passthrough', transformers=[('num', StandardScaler(), ['temperature_2m', 'rain', 'snowfall', 'cloud_cover', 'wind_speed_10m', 'num_bikes_available', 'latitude', 'longitude']), ('cat', OneHotEncoder(handle_unknown='ignore', sparse_output=False), ['isHoliday', 'has_kiosk', 'weather_cluster', 'workhours', 'commute', 'free', 'night'])])}",0.14850804441264986,0.3853674148298606,0.28446058302964644
2025-05-10_19:34:23,False,lasso,2,"{'preprocessing': ColumnTransformer(remainder='passthrough', transformers=[('num', StandardScaler(), ['temperature_2m', 'rain', 'snowfall', 'cloud_cover', 'wind_speed_10m', 'num_bikes_available', 'latitude', 'longitude']), ('cat', OneHotEncoder(handle_unknown='ignore', sparse_output=False), ['isHoliday', 'has_kiosk', 'weather_cluster', 'workhours', 'commute', 'free', 'night']), ('time', OneHotEncoder(handle_unknown='ignore', sparse_output=False), ['weekday', 'day', 'month', 'hour'])]), 'regressor__alpha': np.float64(0.012742749857031334), 'regressor__max_iter': 1000}",0.14527737715159433,0.381152695322484,0.29864471763466544
2025-05-10_19:43:56,False,ridge,2,"{'preprocessing': ColumnTransformer(remainder='passthrough', transformers=[('num', StandardScaler(), ['temperature_2m', 'rain', 'snowfall', 'cloud_cover', 'wind_speed_10m', 'num_bikes_available', 'latitude', 'longitude']), ('cat', OneHotEncoder(handle_unknown='ignore', sparse_output=False), ['isHoliday', 'has_kiosk', 'weather_cluster', 'workhours', 'commute', 'free', 'night']), ('time', OneHotEncoder(handle_unknown='ignore', sparse_output=False), ['weekday', 'day', 'month', 'hour'])]), 'regressor__alpha': np.float64(10000.0)}",0.14721879084241035,0.3836910095928889,0.2844989377052042
2025-05-10_20:05:50,False,decision_tree,2,"{'preprocessing': ColumnTransformer(remainder='passthrough', transformers=[('num', StandardScaler(), ['temperature_2m', 'rain', 'snowfall', 'cloud_cover', 'wind_speed_10m', 'num_bikes_available', 'latitude', 'longitude']), ('cat', OneHotEncoder(handle_unknown='ignore', sparse_output=False), ['isHoliday', 'has_kiosk', 'weather_cluster', 'workhours', 'commute', 'free', 'night']), ('sin_mo... func=<function cos_transformer.<locals>._transform at 0x75052f12f060>, validate=True), ['month']), ('cos_hour', FunctionTransformer(feature_names_out='one-to-one', func=<function cos_transformer.<locals>._transform at 0x75052f12e5c0>, validate=True), ['hour']), ('cos_weekday', FunctionTransformer(feature_names_out='one-to-one', func=<function cos_transformer.<locals>._transform at 0x75052f12e8e0>, validate=True), ['weekday'])]), 'regressor__max_depth': 10, 'regressor__min_samples_split': 15}",0.14544111124614495,0.3813674228957489,0.22134360404637649
2025-05-10_20:13:58,False,xgboost,2,"{'preprocessing': ColumnTransformer(remainder='passthrough', transformers=[('num', StandardScaler(), ['temperature_2m', 'rain', 'snowfall', 'cloud_cover', 'wind_speed_10m', 'num_bikes_available', 'latitude', 'longitude']), ('cat', OneHotEncoder(handle_unknown='ignore', sparse_output=False), ['isHoliday', 'has_kiosk', 'weather_cluster', 'workhours', 'commute', 'free', 'night']), ('sin_mo... func=<function cos_transformer.<locals>._transform at 0x75052f12f060>, validate=True), ['month']), ('cos_hour', FunctionTransformer(feature_names_out='one-to-one', func=<function cos_transformer.<locals>._transform at 0x75052f12e5c0>, validate=True), ['hour']), ('cos_weekday', FunctionTransformer(feature_names_out='one-to-one', func=<function cos_transformer.<locals>._transform at 0x75052f12e8e0>, validate=True), ['weekday'])]), 'regressor__learning_rate': 0.1, 'regressor__max_depth': 3, 'regressor__n_estimators': 50}",0.13987034978680057,0.3739924461627542,0.25117321475733895
2025-05-10_20:15:47,False,linear,3,"{'preprocessing': ColumnTransformer(remainder='passthrough', transformers=[('num', StandardScaler(), ['temperature_2m', 'rain', 'snowfall', 'cloud_cover', 'wind_speed_10m', 'num_bikes_available', 'latitude', 'longitude']), ('cat', OneHotEncoder(handle_unknown='ignore', sparse_output=False), ['isHoliday', 'has_kiosk', 'weather_cluster', 'workhours', 'commute', 'free', 'night']), ('time', OneHotEncoder(handle_unknown='ignore', sparse_output=False), ['weekday', 'day', 'month', 'hour'])])}",0.48717279007195835,0.6979776429599721,0.6100798735021146
2025-05-11_00:25:18,False,linear,3,"{'preprocessing': ColumnTransformer(remainder='passthrough', transformers=[('num', StandardScaler(), ['temperature_2m', 'rain', 'snowfall', 'cloud_cover', 'wind_speed_10m', 'num_bikes_available', 'latitude', 'longitude']), ('cat', OneHotEncoder(handle_unknown='ignore', sparse_output=False), ['isHoliday', 'has_kiosk', 'weather_cluster', 'workhours', 'commute', 'free', 'night']), ('time', OneHotEncoder(handle_unknown='ignore', sparse_output=False), ['weekday', 'day', 'month', 'hour'])])}",0.48717279007195835,0.6979776429599721,0.6100798735021146
2025-05-11_01:25:33,False,lasso,3,"{'preprocessing': ColumnTransformer(remainder='passthrough', transformers=[('num', StandardScaler(), ['temperature_2m', 'rain', 'snowfall', 'cloud_cover', 'wind_speed_10m', 'num_bikes_available', 'latitude', 'longitude']), ('cat', OneHotEncoder(handle_unknown='ignore', sparse_output=False), ['isHoliday', 'has_kiosk', 'weather_cluster', 'workhours', 'commute', 'free', 'night'])]), 'regressor__alpha': np.float64(0.03359818286283781), 'regressor__max_iter': 1000}",0.4808099088225566,0.6934045780224966,0.6559007484818549
2025-05-11_01:32:29,False,ridge,3,"{'preprocessing': ColumnTransformer(remainder='passthrough', transformers=[('num', StandardScaler(), ['temperature_2m', 'rain', 'snowfall', 'cloud_cover', 'wind_speed_10m', 'num_bikes_available', 'latitude', 'longitude']), ('cat', OneHotEncoder(handle_unknown='ignore', sparse_output=False), ['isHoliday', 'has_kiosk', 'weather_cluster', 'workhours', 'commute', 'free', 'night']), ('time', OneHotEncoder(handle_unknown='ignore', sparse_output=False), ['weekday', 'day', 'month', 'hour'])]), 'regressor__alpha': np.float64(10000.0)}",0.48154429231341933,0.693933925034235,0.610223597921886
2025-05-11_01:49:28,False,decision_tree,3,"{'preprocessing': ColumnTransformer(remainder='passthrough', transformers=[('num', StandardScaler(), ['temperature_2m', 'rain', 'snowfall', 'cloud_cover', 'wind_speed_10m', 'num_bikes_available', 'latitude', 'longitude']), ('cat', OneHotEncoder(handle_unknown='ignore', sparse_output=False), ['isHoliday', 'has_kiosk', 'weather_cluster', 'workhours', 'commute', 'free', 'night']), ('sin_mo... func=<function cos_transformer.<locals>._transform at 0x7c3fd270c400>, validate=True), ['month']), ('cos_hour', FunctionTransformer(feature_names_out='one-to-one', func=<function cos_transformer.<locals>._transform at 0x7c3fd270c180>, validate=True), ['hour']), ('cos_weekday', FunctionTransformer(feature_names_out='one-to-one', func=<function cos_transformer.<locals>._transform at 0x7c3fd270c4a0>, validate=True), ['weekday'])]), 'regressor__max_depth': 3, 'regressor__min_samples_split': 2}",0.4861193757088791,0.6972226156034234,0.5015430390624479
2025-05-11_01:56:28,False,xgboost,3,"{'preprocessing': ColumnTransformer(remainder='passthrough', transformers=[('num', StandardScaler(), ['temperature_2m', 'rain', 'snowfall', 'cloud_cover', 'wind_speed_10m', 'num_bikes_available', 'latitude', 'longitude']), ('cat', OneHotEncoder(handle_unknown='ignore', sparse_output=False), ['isHoliday', 'has_kiosk', 'weather_cluster', 'workhours', 'commute', 'free', 'night'])]), 'regressor__learning_rate': 0.1, 'regressor__max_depth': 3, 'regressor__n_estimators': 100}",0.4467205694809449,0.6683715803959238,0.5559635544761677
2025-05-11_01:57:06,False,linear,4,"{'preprocessing': ColumnTransformer(remainder='passthrough', transformers=[('num', StandardScaler(), ['temperature_2m', 'rain', 'snowfall', 'cloud_cover', 'wind_speed_10m', 'num_bikes_available', 'latitude', 'longitude']), ('cat', OneHotEncoder(handle_unknown='ignore', sparse_output=False), ['isHoliday', 'has_kiosk', 'weather_cluster', 'workhours', 'commute', 'free', 'night']), ('time', OneHotEncoder(handle_unknown='ignore', sparse_output=False), ['weekday', 'day', 'month', 'hour'])])}",10.004015031548446,3.162912428687909,4.147605607810153
2025-05-11_02:18:11,False,lasso,4,"{'preprocessing': ColumnTransformer(remainder='passthrough', transformers=[('num', StandardScaler(), ['temperature_2m', 'rain', 'snowfall', 'cloud_cover', 'wind_speed_10m', 'num_bikes_available', 'latitude', 'longitude']), ('cat', OneHotEncoder(handle_unknown='ignore', sparse_output=False), ['isHoliday', 'has_kiosk', 'weather_cluster', 'workhours', 'commute', 'free', 'night']), ('sin_mo... func=<function cos_transformer.<locals>._transform at 0x7c4028955c60>, validate=True), ['month']), ('cos_hour', FunctionTransformer(feature_names_out='one-to-one', func=<function cos_transformer.<locals>._transform at 0x7c4028955bc0>, validate=True), ['hour']), ('cos_weekday', FunctionTransformer(feature_names_out='one-to-one', func=<function cos_transformer.<locals>._transform at 0x7c40289572e0>, validate=True), ['weekday'])]), 'regressor__alpha': np.float64(0.08858667904100823), 'regressor__max_iter': 1000}",8.687228570195062,2.947410485527094,5.015422395645121
2025-05-11_02:20:11,False,ridge,4,"{'preprocessing': ColumnTransformer(remainder='passthrough', transformers=[('num', StandardScaler(), ['temperature_2m', 'rain', 'snowfall', 'cloud_cover', 'wind_speed_10m', 'num_bikes_available', 'latitude', 'longitude']), ('cat', OneHotEncoder(handle_unknown='ignore', sparse_output=False), ['isHoliday', 'has_kiosk', 'weather_cluster', 'workhours', 'commute', 'free', 'night']), ('sin_mo... func=<function cos_transformer.<locals>._transform at 0x7c4028955c60>, validate=True), ['month']), ('cos_hour', FunctionTransformer(feature_names_out='one-to-one', func=<function cos_transformer.<locals>._transform at 0x7c4028955bc0>, validate=True), ['hour']), ('cos_weekday', FunctionTransformer(feature_names_out='one-to-one', func=<function cos_transformer.<locals>._transform at 0x7c40289572e0>, validate=True), ['weekday'])]), 'regressor__alpha': np.float64(10000.0)}",8.650685450394793,2.9412047617251664,4.162074963615067
2025-05-11_02:24:40,False,decision_tree,4,"{'preprocessing': ColumnTransformer(remainder='passthrough', transformers=[('num', StandardScaler(), ['temperature_2m', 'rain', 'snowfall', 'cloud_cover', 'wind_speed_10m', 'num_bikes_available', 'latitude', 'longitude']), ('cat', OneHotEncoder(handle_unknown='ignore', sparse_output=False), ['isHoliday', 'has_kiosk', 'weather_cluster', 'workhours', 'commute', 'free', 'night'])]), 'regressor__max_depth': 10, 'regressor__min_samples_split': 2}",7.974140576291783,2.8238520811635626,2.8525081082835055
2025-05-11_02:26:41,False,xgboost,4,"{'preprocessing': ColumnTransformer(remainder='passthrough', transformers=[('num', StandardScaler(), ['temperature_2m', 'rain', 'snowfall', 'cloud_cover', 'wind_speed_10m', 'num_bikes_available', 'latitude', 'longitude']), ('cat', OneHotEncoder(handle_unknown='ignore', sparse_output=False), ['isHoliday', 'has_kiosk', 'weather_cluster', 'workhours', 'commute', 'free', 'night']), ('sin_mo... func=<function cos_transformer.<locals>._transform at 0x7c4028955c60>, validate=True), ['month']), ('cos_hour', FunctionTransformer(feature_names_out='one-to-one', func=<function cos_transformer.<locals>._transform at 0x7c4028955bc0>, validate=True), ['hour']), ('cos_weekday', FunctionTransformer(feature_names_out='one-to-one', func=<function cos_transformer.<locals>._transform at 0x7c40289572e0>, validate=True), ['weekday'])]), 'regressor__learning_rate': 0.1, 'regressor__max_depth': 6, 'regressor__n_estimators': 100}",7.1390067065466045,2.6718919713466343,3.435086129691675
2025-05-11_02:27:27,False,linear,5,"{'preprocessing': ColumnTransformer(remainder='passthrough', transformers=[('num', StandardScaler(), ['temperature_2m', 'rain', 'snowfall', 'cloud_cover', 'wind_speed_10m', 'num_bikes_available', 'latitude', 'longitude']), ('cat', OneHotEncoder(handle_unknown='ignore', sparse_output=False), ['isHoliday', 'has_kiosk', 'weather_cluster', 'workhours', 'commute', 'free', 'night']), ('time', OneHotEncoder(handle_unknown='ignore', sparse_output=False), ['weekday', 'day', 'month', 'hour'])])}",3.675809955644226,1.9172401924756914,3.377452813200792
2025-05-11_02:59:37,False,lasso,5,"{'preprocessing': ColumnTransformer(remainder='passthrough', transformers=[('num', StandardScaler(), ['temperature_2m', 'rain', 'snowfall', 'cloud_cover', 'wind_speed_10m', 'num_bikes_available', 'latitude', 'longitude']), ('cat', OneHotEncoder(handle_unknown='ignore', sparse_output=False), ['isHoliday', 'has_kiosk', 'weather_cluster', 'workhours', 'commute', 'free', 'night']), ('time', OneHotEncoder(handle_unknown='ignore', sparse_output=False), ['weekday', 'day', 'month', 'hour'])]), 'regressor__alpha': np.float64(0.0018329807108324356), 'regressor__max_iter': 1000}",3.6672986398883665,1.9150192270283781,4.198221280696457
2025-05-11_03:02:27,False,ridge,5,"{'preprocessing': ColumnTransformer(remainder='passthrough', transformers=[('num', StandardScaler(), ['temperature_2m', 'rain', 'snowfall', 'cloud_cover', 'wind_speed_10m', 'num_bikes_available', 'latitude', 'longitude']), ('cat', OneHotEncoder(handle_unknown='ignore', sparse_output=False), ['isHoliday', 'has_kiosk', 'weather_cluster', 'workhours', 'commute', 'free', 'night']), ('time', OneHotEncoder(handle_unknown='ignore', sparse_output=False), ['weekday', 'day', 'month', 'hour'])]), 'regressor__alpha': np.float64(545.5594781168514)}",3.6655168189429395,1.9145539477755489,3.3867756782635046
2025-05-11_03:08:50,False,decision_tree,5,"{'preprocessing': ColumnTransformer(remainder='passthrough', transformers=[('num', StandardScaler(), ['temperature_2m', 'rain', 'snowfall', 'cloud_cover', 'wind_speed_10m', 'num_bikes_available', 'latitude', 'longitude']), ('cat', OneHotEncoder(handle_unknown='ignore', sparse_output=False), ['isHoliday', 'has_kiosk', 'weather_cluster', 'workhours', 'commute', 'free', 'night'])]), 'regressor__max_depth': 10, 'regressor__min_samples_split': 15}",4.041391151584346,2.010321156329094,2.649968423349046
2025-05-11_03:11:42,False,xgboost,5,"{'preprocessing': ColumnTransformer(remainder='passthrough', transformers=[('num', StandardScaler(), ['temperature_2m', 'rain', 'snowfall', 'cloud_cover', 'wind_speed_10m', 'num_bikes_available', 'latitude', 'longitude']), ('cat', OneHotEncoder(handle_unknown='ignore', sparse_output=False), ['isHoliday', 'has_kiosk', 'weather_cluster', 'workhours', 'commute', 'free', 'night'])]), 'regressor__learning_rate': 0.1, 'regressor__max_depth': 3, 'regressor__n_estimators': 100}",3.6809926779920183,1.9185913264663788,3.087567059975721
2025-05-11_03:12:16,False,linear,6,"{'preprocessing': ColumnTransformer(remainder='passthrough', transformers=[('num', StandardScaler(), ['temperature_2m', 'rain', 'snowfall', 'cloud_cover', 'wind_speed_10m', 'num_bikes_available', 'latitude', 'longitude']), ('cat', OneHotEncoder(handle_unknown='ignore', sparse_output=False), ['isHoliday', 'has_kiosk', 'weather_cluster', 'workhours', 'commute', 'free', 'night']), ('time', OneHotEncoder(handle_unknown='ignore', sparse_output=False), ['weekday', 'day', 'month', 'hour'])])}",7.387395101445629,2.7179762878740554,6.5742801884977355
2025-05-11_03:40:26,False,lasso,6,"{'preprocessing': ColumnTransformer(remainder='passthrough', transformers=[('num', StandardScaler(), ['temperature_2m', 'rain', 'snowfall', 'cloud_cover', 'wind_speed_10m', 'num_bikes_available', 'latitude', 'longitude']), ('cat', OneHotEncoder(handle_unknown='ignore', sparse_output=False), ['isHoliday', 'has_kiosk', 'weather_cluster', 'workhours', 'commute', 'free', 'night']), ('time', OneHotEncoder(handle_unknown='ignore', sparse_output=False), ['weekday', 'day', 'month', 'hour'])]), 'regressor__alpha': np.float64(0.012742749857031334), 'regressor__max_iter': 1000}",7.352913102023929,2.711625546056079,8.510493459956589
2025-05-11_03:42:30,False,ridge,6,"{'preprocessing': ColumnTransformer(remainder='passthrough', transformers=[('num', StandardScaler(), ['temperature_2m', 'rain', 'snowfall', 'cloud_cover', 'wind_speed_10m', 'num_bikes_available', 'latitude', 'longitude']), ('cat', OneHotEncoder(handle_unknown='ignore', sparse_output=False), ['isHoliday', 'has_kiosk', 'weather_cluster', 'workhours', 'commute', 'free', 'night']), ('time', OneHotEncoder(handle_unknown='ignore', sparse_output=False), ['weekday', 'day', 'month', 'hour'])]), 'regressor__alpha': np.float64(1438.44988828766)}",7.31793526533672,2.7051682508370383,6.598360258567653
2025-05-11_03:46:34,False,decision_tree,6,"{'preprocessing': ColumnTransformer(remainder='passthrough', transformers=[('num', StandardScaler(), ['temperature_2m', 'rain', 'snowfall', 'cloud_cover', 'wind_speed_10m', 'num_bikes_available', 'latitude', 'longitude']), ('cat', OneHotEncoder(handle_unknown='ignore', sparse_output=False), ['isHoliday', 'has_kiosk', 'weather_cluster', 'workhours', 'commute', 'free', 'night']), ('sin_mo... func=<function cos_transformer.<locals>._transform at 0x7c40288c4a40>, validate=True), ['month']), ('cos_hour', FunctionTransformer(feature_names_out='one-to-one', func=<function cos_transformer.<locals>._transform at 0x7c40288c7240>, validate=True), ['hour']), ('cos_weekday', FunctionTransformer(feature_names_out='one-to-one', func=<function cos_transformer.<locals>._transform at 0x7c40288c63e0>, validate=True), ['weekday'])]), 'regressor__max_depth': 10, 'regressor__min_samples_split': 2}",6.81958203418984,2.611432946523774,4.947823153073841
2025-05-11_03:48:40,False,xgboost,6,"{'preprocessing': ColumnTransformer(remainder='passthrough', transformers=[('num', StandardScaler(), ['temperature_2m', 'rain', 'snowfall', 'cloud_cover', 'wind_speed_10m', 'num_bikes_available', 'latitude', 'longitude']), ('cat', OneHotEncoder(handle_unknown='ignore', sparse_output=False), ['isHoliday', 'has_kiosk', 'weather_cluster', 'workhours', 'commute', 'free', 'night']), ('sin_mo... func=<function cos_transformer.<locals>._transform at 0x7c40288c4a40>, validate=True), ['month']), ('cos_hour', FunctionTransformer(feature_names_out='one-to-one', func=<function cos_transformer.<locals>._transform at 0x7c40288c7240>, validate=True), ['hour']), ('cos_weekday', FunctionTransformer(feature_names_out='one-to-one', func=<function cos_transformer.<locals>._transform at 0x7c40288c63e0>, validate=True), ['weekday'])]), 'regressor__learning_rate': 0.1, 'regressor__max_depth': 6, 'regressor__n_estimators': 100}",6.037071003577563,2.457045177357869,5.912292131561425
2025-05-10_22:07:08,False,linear,7,"{'preprocessing': ColumnTransformer(remainder='passthrough', transformers=[('num', StandardScaler(), ['temperature_2m', 'rain', 'snowfall', 'cloud_cover', 'wind_speed_10m', 'num_bikes_available', 'latitude', 'longitude']), ('cat', OneHotEncoder(handle_unknown='ignore', sparse_output=False), ['isHoliday', 'has_kiosk', 'weather_cluster', 'workhours', 'commute', 'free', 'night']), ('time', OneHotEncoder(handle_unknown='ignore', sparse_output=False), ['weekday', 'day', 'month', 'hour'])])}",198.88612544791985,14.102699225606418,3.8350314192432133
2025-05-10_22:18:30,False,lasso,7,"{'preprocessing': ColumnTransformer(remainder='passthrough', transformers=[('num', StandardScaler(), ['temperature_2m', 'rain', 'snowfall', 'cloud_cover', 'wind_speed_10m', 'num_bikes_available', 'latitude', 'longitude']), ('cat', OneHotEncoder(handle_unknown='ignore', sparse_output=False), ['isHoliday', 'has_kiosk', 'weather_cluster', 'workhours', 'commute', 'free', 'night'])]), 'regressor__alpha': np.float64(0.08858667904100823), 'regressor__max_iter': 1000}",4.514990789220441,2.1248507686942255,4.444834239581719
2025-05-10_22:20:44,False,ridge,7,"{'preprocessing': ColumnTransformer(remainder='passthrough', transformers=[('num', StandardScaler(), ['temperature_2m', 'rain', 'snowfall', 'cloud_cover', 'wind_speed_10m', 'num_bikes_available', 'latitude', 'longitude']), ('cat', OneHotEncoder(handle_unknown='ignore', sparse_output=False), ['isHoliday', 'has_kiosk', 'weather_cluster', 'workhours', 'commute', 'free', 'night'])]), 'regressor__alpha': np.float64(10000.0)}",7.496760293164883,2.738021236799467,3.8423354171314004
2025-05-10_22:25:12,False,decision_tree,7,"{'preprocessing': ColumnTransformer(remainder='passthrough', transformers=[('num', StandardScaler(), ['temperature_2m', 'rain', 'snowfall', 'cloud_cover', 'wind_speed_10m', 'num_bikes_available', 'latitude', 'longitude']), ('cat', OneHotEncoder(handle_unknown='ignore', sparse_output=False), ['isHoliday', 'has_kiosk', 'weather_cluster', 'workhours', 'commute', 'free', 'night']), ('sin_mo... validate=True), ['month']), ('cos_hour', FunctionTransformer(feature_names_out='one-to-one', func=<function cos_transformer.<locals>._transform at 0x0000023F5AEB6340>, validate=True), ['hour']), ('cos_weekday', FunctionTransformer(feature_names_out='one-to-one', func=<function cos_transformer.<locals>._transform at 0x0000023F5AEB65C0>, validate=True), ['weekday'])]), 'regressor__max_depth': 10, 'regressor__min_samples_split': 10}",4.243969914432036,2.0600897830997646,2.850114323245228
2025-05-10_22:28:00,False,xgboost,7,"{'preprocessing': ColumnTransformer(remainder='passthrough', transformers=[('num', StandardScaler(), ['temperature_2m', 'rain', 'snowfall', 'cloud_cover', 'wind_speed_10m', 'num_bikes_available', 'latitude', 'longitude']), ('cat', OneHotEncoder(handle_unknown='ignore', sparse_output=False), ['isHoliday', 'has_kiosk', 'weather_cluster', 'workhours', 'commute', 'free', 'night']), ('sin_mo... validate=True), ['month']), ('cos_hour', FunctionTransformer(feature_names_out='one-to-one', func=<function cos_transformer.<locals>._transform at 0x0000023F5AEB6340>, validate=True), ['hour']), ('cos_weekday', FunctionTransformer(feature_names_out='one-to-one', func=<function cos_transformer.<locals>._transform at 0x0000023F5AEB65C0>, validate=True), ['weekday'])]), 'regressor__learning_rate': 0.1, 'regressor__max_depth': 6, 'regressor__n_estimators': 50}",4.027715505610689,2.006916915472758,3.318353630631808
2025-05-10_20:01:49,False,linear,8,"{'preprocessing': ColumnTransformer(remainder='passthrough', transformers=[('num', StandardScaler(), ['temperature_2m', 'rain', 'snowfall', 'cloud_cover', 'wind_speed_10m', 'num_bikes_available', 'latitude', 'longitude']), ('cat', OneHotEncoder(handle_unknown='ignore', sparse_output=False), ['isHoliday', 'has_kiosk', 'weather_cluster', 'workhours', 'commute', 'free', 'night']), ('sin_mo... validate=True), ['month']), ('cos_hour', FunctionTransformer(feature_names_out='one-to-one', func=<function cos_transformer.<locals>._transform at 0x000001E9729E22A0>, validate=True), ['hour']), ('cos_weekday', FunctionTransformer(feature_names_out='one-to-one', func=<function cos_transformer.<locals>._transform at 0x000001E9729E2660>, validate=True), ['weekday'])])}",0.19597278337543814,0.4426881333121977,0.38235450634757706
2025-05-10_20:55:18,False,lasso,8,"{'preprocessing': ColumnTransformer(remainder='passthrough', transformers=[('num', StandardScaler(), ['temperature_2m', 'rain', 'snowfall', 'cloud_cover', 'wind_speed_10m', 'num_bikes_available', 'latitude', 'longitude']), ('cat', OneHotEncoder(handle_unknown='ignore', sparse_output=False), ['isHoliday', 'has_kiosk', 'weather_cluster', 'workhours', 'commute', 'free', 'night']), ('time', OneHotEncoder(handle_unknown='ignore', sparse_output=False), ['weekday', 'day', 'month', 'hour'])]), 'regressor__alpha': np.float64(0.03359818286283781), 'regressor__max_iter': 1000}",0.18922516133759332,0.43500018544547003,0.4045253596083011
2025-05-10_21:05:56,False,ridge,8,"{'preprocessing': ColumnTransformer(remainder='passthrough', transformers=[('num', StandardScaler(), ['temperature_2m', 'rain', 'snowfall', 'cloud_cover', 'wind_speed_10m', 'num_bikes_available', 'latitude', 'longitude']), ('cat', OneHotEncoder(handle_unknown='ignore', sparse_output=False), ['isHoliday', 'has_kiosk', 'weather_cluster', 'workhours', 'commute', 'free', 'night']), ('time', OneHotEncoder(handle_unknown='ignore', sparse_output=False), ['weekday', 'day', 'month', 'hour'])]), 'regressor__alpha': np.float64(10000.0)}",0.19395959497715837,0.4404084410830001,0.38238732449198864
2025-05-10_21:29:16,False,decision_tree,8,"{'preprocessing': ColumnTransformer(remainder='passthrough', transformers=[('num', StandardScaler(), ['temperature_2m', 'rain', 'snowfall', 'cloud_cover', 'wind_speed_10m', 'num_bikes_available', 'latitude', 'longitude']), ('cat', OneHotEncoder(handle_unknown='ignore', sparse_output=False), ['isHoliday', 'has_kiosk', 'weather_cluster', 'workhours', 'commute', 'free', 'night']), ('sin_mo... validate=True), ['month']), ('cos_hour', FunctionTransformer(feature_names_out='one-to-one', func=<function cos_transformer.<locals>._transform at 0x000001E9729E22A0>, validate=True), ['hour']), ('cos_weekday', FunctionTransformer(feature_names_out='one-to-one', func=<function cos_transformer.<locals>._transform at 0x000001E9729E2660>, validate=True), ['weekday'])]), 'regressor__max_depth': 5, 'regressor__min_samples_split': 2}",0.21659937394644233,0.46540237853543714,0.2898486051366228
2025-05-10_21:42:30,False,xgboost,8,"{'preprocessing': ColumnTransformer(remainder='passthrough', transformers=[('num', StandardScaler(), ['temperature_2m', 'rain', 'snowfall', 'cloud_cover', 'wind_speed_10m', 'num_bikes_available', 'latitude', 'longitude']), ('cat', OneHotEncoder(handle_unknown='ignore', sparse_output=False), ['isHoliday', 'has_kiosk', 'weather_cluster', 'workhours', 'commute', 'free', 'night']), ('sin_mo... validate=True), ['month']), ('cos_hour', FunctionTransformer(feature_names_out='one-to-one', func=<function cos_transformer.<locals>._transform at 0x000001E9729E22A0>, validate=True), ['hour']), ('cos_weekday', FunctionTransformer(feature_names_out='one-to-one', func=<function cos_transformer.<locals>._transform at 0x000001E9729E2660>, validate=True), ['weekday'])]), 'regressor__learning_rate': 0.01, 'regressor__max_depth': 6, 'regressor__n_estimators': 50}",0.1863304580738583,0.4316601186974056,0.3266746555492954
2025-05-10_18:33:53,False,linear,9,"{'preprocessing': ColumnTransformer(remainder='passthrough', transformers=[('num', StandardScaler(), ['temperature_2m', 'rain', 'snowfall', 'cloud_cover', 'wind_speed_10m', 'num_bikes_available', 'latitude', 'longitude']), ('cat', OneHotEncoder(handle_unknown='ignore', sparse_output=False), ['isHoliday', 'has_kiosk', 'weather_cluster', 'workhours', 'commute', 'free', 'night']), ('sin_mo... validate=True), ['month']), ('cos_hour', FunctionTransformer(feature_names_out='one-to-one', func=<function cos_transformer.<locals>._transform at 0x000001D4711ADA80>, validate=True), ['hour']), ('cos_weekday', FunctionTransformer(feature_names_out='one-to-one', func=<function cos_transformer.<locals>._transform at 0x000001D4711AE520>, validate=True), ['weekday'])])}",0.30678268975482104,0.553879670826454,0.43583192581683755
2025-05-10_19:08:46,False,lasso,9,"{'preprocessing': ColumnTransformer(remainder='passthrough', transformers=[('num', StandardScaler(), ['temperature_2m', 'rain', 'snowfall', 'cloud_cover', 'wind_speed_10m', 'num_bikes_available', 'latitude', 'longitude']), ('cat', OneHotEncoder(handle_unknown='ignore', sparse_output=False), ['isHoliday', 'has_kiosk', 'weather_cluster', 'workhours', 'commute', 'free', 'night'])]), 'regressor__alpha': np.float64(0.23357214690901212), 'regressor__max_iter': 1000}",0.2863527180778083,0.535119349377135,0.4616059727478348
2025-05-10_19:15:35,False,ridge,9,"{'preprocessing': ColumnTransformer(remainder='passthrough', transformers=[('num', StandardScaler(), ['temperature_2m', 'rain', 'snowfall', 'cloud_cover', 'wind_speed_10m', 'num_bikes_available', 'latitude', 'longitude']), ('cat', OneHotEncoder(handle_unknown='ignore', sparse_output=False), ['isHoliday', 'has_kiosk', 'weather_cluster', 'workhours', 'commute', 'free', 'night']), ('time', OneHotEncoder(handle_unknown='ignore', sparse_output=False), ['weekday', 'day', 'month', 'hour'])]), 'regressor__alpha': np.float64(10000.0)}",0.29996493946816816,0.5476905508297255,0.4359350182372032
2025-05-10_19:28:57,False,decision_tree,9,"{'preprocessing': ColumnTransformer(remainder='passthrough', transformers=[('num', StandardScaler(), ['temperature_2m', 'rain', 'snowfall', 'cloud_cover', 'wind_speed_10m', 'num_bikes_available', 'latitude', 'longitude']), ('cat', OneHotEncoder(handle_unknown='ignore', sparse_output=False), ['isHoliday', 'has_kiosk', 'weather_cluster', 'workhours', 'commute', 'free', 'night']), ('sin_mo... validate=True), ['month']), ('cos_hour', FunctionTransformer(feature_names_out='one-to-one', func=<function cos_transformer.<locals>._transform at 0x000001D4711ADA80>, validate=True), ['hour']), ('cos_weekday', FunctionTransformer(feature_names_out='one-to-one', func=<function cos_transformer.<locals>._transform at 0x000001D4711AE520>, validate=True), ['weekday'])]), 'regressor__max_depth': 3, 'regressor__min_samples_split': 2}",0.28865771574507976,0.5372687556010304,0.3274395794635311
2025-05-10_19:36:54,False,xgboost,9,"{'preprocessing': ColumnTransformer(remainder='passthrough', transformers=[('num', StandardScaler(), ['temperature_2m', 'rain', 'snowfall', 'cloud_cover', 'wind_speed_10m', 'num_bikes_available', 'latitude', 'longitude']), ('cat', OneHotEncoder(handle_unknown='ignore', sparse_output=False), ['isHoliday', 'has_kiosk', 'weather_cluster', 'workhours', 'commute', 'free', 'night'])]), 'regressor__learning_rate': 0.1, 'regressor__max_depth': 6, 'regressor__n_estimators': 50}",0.2613263993792915,0.5112009383591657,0.37536613121596857
2025-05-10_22:23:22,True,random_forest,0,"{'preprocessing': ColumnTransformer(remainder='passthrough', transformers=[('num', StandardScaler(), ['temperature_2m', 'rain', 'snowfall', 'cloud_cover', 'wind_speed_10m', 'num_bikes_available', 'latitude', 'longitude']), ('cat', OneHotEncoder(handle_unknown='ignore', sparse_output=False), ['isHoliday', 'has_kiosk', 'weather_cluster', 'workhours', 'commute', 'free', 'night']), ('time', OneHotEncoder(handle_unknown='ignore', sparse_output=False), ['weekday', 'day', 'month', 'hour'])]), 'regressor__max_depth': 10, 'regressor__min_samples_split': 20, 'regressor__n_estimators': 100}",3.0825918330699222,1.7557311391753359,1.3443640016828018
2025-05-10_22:23:23,True,linear,0,"{'preprocessing': ColumnTransformer(remainder='passthrough', transformers=[('num', StandardScaler(), ['temperature_2m', 'rain', 'snowfall', 'cloud_cover', 'wind_speed_10m', 'num_bikes_available', 'latitude', 'longitude']), ('cat', OneHotEncoder(handle_unknown='ignore', sparse_output=False), ['isHoliday', 'has_kiosk', 'weather_cluster', 'workhours', 'commute', 'free', 'night']), ('time', OneHotEncoder(handle_unknown='ignore', sparse_output=False), ['weekday', 'day', 'month', 'hour'])])}",3.163349718121363,1.7785808157408431,2.9530116221755818
2025-05-10_22:23:48,True,lasso,0,"{'preprocessing': ColumnTransformer(remainder='passthrough', transformers=[('num', StandardScaler(), ['temperature_2m', 'rain', 'snowfall', 'cloud_cover', 'wind_speed_10m', 'num_bikes_available', 'latitude', 'longitude']), ('cat', OneHotEncoder(handle_unknown='ignore', sparse_output=False), ['isHoliday', 'has_kiosk', 'weather_cluster', 'workhours', 'commute', 'free', 'night']), ('time', OneHotEncoder(handle_unknown='ignore', sparse_output=False), ['weekday', 'day', 'month', 'hour'])]), 'regressor__alpha': np.float64(0.00026366508987303583), 'regressor__max_iter': 1000}",3.1631786282063143,1.7785327177778638,3.512849568985582
2025-05-10_22:23:58,True,ridge,0,"{'preprocessing': ColumnTransformer(remainder='passthrough', transformers=[('num', StandardScaler(), ['temperature_2m', 'rain', 'snowfall', 'cloud_cover', 'wind_speed_10m', 'num_bikes_available', 'latitude', 'longitude']), ('cat', OneHotEncoder(handle_unknown='ignore', sparse_output=False), ['isHoliday', 'has_kiosk', 'weather_cluster', 'workhours', 'commute', 'free', 'night']), ('time', OneHotEncoder(handle_unknown='ignore', sparse_output=False), ['weekday', 'day', 'month', 'hour'])]), 'regressor__alpha': np.float64(0.0001)}",3.1633497206761687,1.7785808164590577,2.9969739187010576
2025-05-10_22:24:04,True,polynomial,0,"{'poly__poly__degree': 2, 'preprocessing': ColumnTransformer(remainder='passthrough', transformers=[('num', StandardScaler(), ['temperature_2m', 'rain', 'snowfall', 'cloud_cover', 'wind_speed_10m', 'num_bikes_available', 'latitude', 'longitude']), ('cat', OneHotEncoder(handle_unknown='ignore', sparse_output=False), ['isHoliday', 'has_kiosk', 'weather_cluster', 'workhours', 'commute', 'free', 'night']), ('time', OneHotEncoder(handle_unknown='ignore', sparse_output=False), ['weekday', 'day', 'month', 'hour'])])}",3.5149367385646406,1.8748164546335304,2.896706591955274
2025-05-10_22:24:15,True,decision_tree,0,"{'preprocessing': ColumnTransformer(remainder='passthrough', transformers=[('num', StandardScaler(), ['temperature_2m', 'rain', 'snowfall', 'cloud_cover', 'wind_speed_10m', 'num_bikes_available', 'latitude', 'longitude']), ('cat', OneHotEncoder(handle_unknown='ignore', sparse_output=False), ['isHoliday', 'has_kiosk', 'weather_cluster', 'workhours', 'commute', 'free', 'night'])]), 'regressor__max_depth': 3, 'regressor__min_samples_split': 2}",3.253948203426814,1.803870339970923,2.114860369661946
2025-05-10_22:24:26,True,xgboost,0,"{'preprocessing': ColumnTransformer(remainder='passthrough', transformers=[('num', StandardScaler(), ['temperature_2m', 'rain', 'snowfall', 'cloud_cover', 'wind_speed_10m', 'num_bikes_available', 'latitude', 'longitude']), ('cat', OneHotEncoder(handle_unknown='ignore', sparse_output=False), ['isHoliday', 'has_kiosk', 'weather_cluster', 'workhours', 'commute', 'free', 'night'])]), 'regressor__learning_rate': 0.1, 'regressor__max_depth': 3, 'regressor__n_estimators': 100}",3.089234440707085,1.757621813902833,2.4867864083994937
2025-05-10_22:30:09,True,random_forest,1,"{'preprocessing': ColumnTransformer(remainder='passthrough', transformers=[('num', StandardScaler(), ['temperature_2m', 'rain', 'snowfall', 'cloud_cover', 'wind_speed_10m', 'num_bikes_available', 'latitude', 'longitude']), ('cat', OneHotEncoder(handle_unknown='ignore', sparse_output=False), ['isHoliday', 'has_kiosk', 'weather_cluster', 'workhours', 'commute', 'free', 'night'])]), 'regressor__max_depth': 10, 'regressor__min_samples_split': 20, 'regressor__n_estimators': 50}",1.0166970197101124,1.008313948981225,0.5598674376558036
2025-05-10_22:30:10,True,linear,1,"{'preprocessing': ColumnTransformer(remainder='passthrough', transformers=[('num', StandardScaler(), ['temperature_2m', 'rain', 'snowfall', 'cloud_cover', 'wind_speed_10m', 'num_bikes_available', 'latitude', 'longitude']), ('cat', OneHotEncoder(handle_unknown='ignore', sparse_output=False), ['isHoliday', 'has_kiosk', 'weather_cluster', 'workhours', 'commute', 'free', 'night']), ('time', OneHotEncoder(handle_unknown='ignore', sparse_output=False), ['weekday', 'day', 'month', 'hour'])])}",1.1423236651525408,1.0687954271760993,1.4556877494973097
2025-05-10_22:30:34,True,lasso,1,"{'preprocessing': ColumnTransformer(remainder='passthrough', transformers=[('num', StandardScaler(), ['temperature_2m', 'rain', 'snowfall', 'cloud_cover', 'wind_speed_10m', 'num_bikes_available', 'latitude', 'longitude']), ('cat', OneHotEncoder(handle_unknown='ignore', sparse_output=False), ['isHoliday', 'has_kiosk', 'weather_cluster', 'workhours', 'commute', 'free', 'night']), ('sin_mo... validate=True), ['month']), ('cos_hour', FunctionTransformer(feature_names_out='one-to-one', func=<function cos_transformer.<locals>._transform at 0x000001540438EE80>, validate=True), ['hour']), ('cos_weekday', FunctionTransformer(feature_names_out='one-to-one', func=<function cos_transformer.<locals>._transform at 0x000001540438EF20>, validate=True), ['weekday'])]), 'regressor__alpha': np.float64(0.08858667904100823), 'regressor__max_iter': 1000}",1.0731648110262835,1.0359366829233743,1.6023263200343623
2025-05-10_22:30:44,True,ridge,1,"{'preprocessing': ColumnTransformer(remainder='passthrough', transformers=[('num', StandardScaler(), ['temperature_2m', 'rain', 'snowfall', 'cloud_cover', 'wind_speed_10m', 'num_bikes_available', 'latitude', 'longitude']), ('cat', OneHotEncoder(handle_unknown='ignore', sparse_output=False), ['isHoliday', 'has_kiosk', 'weather_cluster', 'workhours', 'commute', 'free', 'night']), ('sin_mo... validate=True), ['month']), ('cos_hour', FunctionTransformer(feature_names_out='one-to-one', func=<function cos_transformer.<locals>._transform at 0x000001540438EE80>, validate=True), ['hour']), ('cos_weekday', FunctionTransformer(feature_names_out='one-to-one', func=<function cos_transformer.<locals>._transform at 0x000001540438EF20>, validate=True), ['weekday'])]), 'regressor__alpha': np.float64(3792.690190732246)}",1.0094356288143191,1.0047067377171903,1.4654948051197063
2025-05-10_22:30:51,True,polynomial,1,"{'poly__poly__degree': 2, 'preprocessing': ColumnTransformer(remainder='passthrough', transformers=[('num', StandardScaler(), ['temperature_2m', 'rain', 'snowfall', 'cloud_cover', 'wind_speed_10m', 'num_bikes_available', 'latitude', 'longitude']), ('cat', OneHotEncoder(handle_unknown='ignore', sparse_output=False), ['isHoliday', 'has_kiosk', 'weather_cluster', 'workhours', 'commute', 'free', 'night'])])}",3.0337675048808252,1.7417713698648354,1.3994244205757203
2025-05-10_22:31:04,True,decision_tree,1,"{'preprocessing': ColumnTransformer(remainder='passthrough', transformers=[('num', StandardScaler(), ['temperature_2m', 'rain', 'snowfall', 'cloud_cover', 'wind_speed_10m', 'num_bikes_available', 'latitude', 'longitude']), ('cat', OneHotEncoder(handle_unknown='ignore', sparse_output=False), ['isHoliday', 'has_kiosk', 'weather_cluster', 'workhours', 'commute', 'free', 'night']), ('sin_mo... validate=True), ['month']), ('cos_hour', FunctionTransformer(feature_names_out='one-to-one', func=<function cos_transformer.<locals>._transform at 0x000001540438EE80>, validate=True), ['hour']), ('cos_weekday', FunctionTransformer(feature_names_out='one-to-one', func=<function cos_transformer.<locals>._transform at 0x000001540438EF20>, validate=True), ['weekday'])]), 'regressor__max_depth': 3, 'regressor__min_samples_split': 2}",1.0323279205531561,1.0160353933565287,0.9156057628156843
2025-05-10_22:31:16,True,xgboost,1,"{'preprocessing': ColumnTransformer(remainder='passthrough', transformers=[('num', StandardScaler(), ['temperature_2m', 'rain', 'snowfall', 'cloud_cover', 'wind_speed_10m', 'num_bikes_available', 'latitude', 'longitude']), ('cat', OneHotEncoder(handle_unknown='ignore', sparse_output=False), ['isHoliday', 'has_kiosk', 'weather_cluster', 'workhours', 'commute', 'free', 'night'])]), 'regressor__learning_rate': 0.1, 'regressor__max_depth': 3, 'regressor__n_estimators': 50}",0.9493959268214034,0.9743695022020155,1.0930418795427261
2025-05-10_22:40:57,True,random_forest,2,"{'preprocessing': ColumnTransformer(remainder='passthrough', transformers=[('num', StandardScaler(), ['temperature_2m', 'rain', 'snowfall', 'cloud_cover', 'wind_speed_10m', 'num_bikes_available', 'latitude', 'longitude']), ('cat', OneHotEncoder(handle_unknown='ignore', sparse_output=False), ['isHoliday', 'has_kiosk', 'weather_cluster', 'workhours', 'commute', 'free', 'night'])]), 'regressor__max_depth': 10, 'regressor__min_samples_split': 20, 'regressor__n_estimators': 100}",0.19444821529609163,0.4409628275672357,0.1689644896417054
2025-05-10_22:40:58,True,linear,2,"{'preprocessing': ColumnTransformer(remainder='passthrough', transformers=[('num', StandardScaler(), ['temperature_2m', 'rain', 'snowfall', 'cloud_cover', 'wind_speed_10m', 'num_bikes_available', 'latitude', 'longitude']), ('cat', OneHotEncoder(handle_unknown='ignore', sparse_output=False), ['isHoliday', 'has_kiosk', 'weather_cluster', 'workhours', 'commute', 'free', 'night'])])}",0.20017399092516075,0.4474080809788316,0.38336930769173755
2025-05-10_22:41:36,True,lasso,2,"{'preprocessing': ColumnTransformer(remainder='passthrough', transformers=[('num', StandardScaler(), ['temperature_2m', 'rain', 'snowfall', 'cloud_cover', 'wind_speed_10m', 'num_bikes_available', 'latitude', 'longitude']), ('cat', OneHotEncoder(handle_unknown='ignore', sparse_output=False), ['isHoliday', 'has_kiosk', 'weather_cluster', 'workhours', 'commute', 'free', 'night']), ('sin_mo... validate=True), ['month']), ('cos_hour', FunctionTransformer(feature_names_out='one-to-one', func=<function cos_transformer.<locals>._transform at 0x0000015405B6E660>, validate=True), ['hour']), ('cos_weekday', FunctionTransformer(feature_names_out='one-to-one', func=<function cos_transformer.<locals>._transform at 0x0000015405B6F9C0>, validate=True), ['weekday'])]), 'regressor__alpha': np.float64(0.03359818286283781), 'regressor__max_iter': 1000}",0.19464473076306069,0.44118559673119506,0.40447410832851793
2025-05-10_22:41:52,True,ridge,2,"{'preprocessing': ColumnTransformer(remainder='passthrough', transformers=[('num', StandardScaler(), ['temperature_2m', 'rain', 'snowfall', 'cloud_cover', 'wind_speed_10m', 'num_bikes_available', 'latitude', 'longitude']), ('cat', OneHotEncoder(handle_unknown='ignore', sparse_output=False), ['isHoliday', 'has_kiosk', 'weather_cluster', 'workhours', 'commute', 'free', 'night']), ('time', OneHotEncoder(handle_unknown='ignore', sparse_output=False), ['weekday', 'day', 'month', 'hour'])]), 'regressor__alpha': np.float64(10000.0)}",0.19384694201210734,0.4402805264965819,0.3842286777659096
2025-05-10_22:42:05,True,polynomial,2,"{'poly__poly__degree': 3, 'preprocessing': ColumnTransformer(remainder='passthrough', transformers=[('num', StandardScaler(), ['temperature_2m', 'rain', 'snowfall', 'cloud_cover', 'wind_speed_10m', 'num_bikes_available', 'latitude', 'longitude']), ('cat', OneHotEncoder(handle_unknown='ignore', sparse_output=False), ['isHoliday', 'has_kiosk', 'weather_cluster', 'workhours', 'commute', 'free', 'night'])])}",0.19951268670549577,0.446668430388242,0.3787673388477455
2025-05-10_22:42:26,True,decision_tree,2,"{'preprocessing': ColumnTransformer(remainder='passthrough', transformers=[('num', StandardScaler(), ['temperature_2m', 'rain', 'snowfall', 'cloud_cover', 'wind_speed_10m', 'num_bikes_available', 'latitude', 'longitude']), ('cat', OneHotEncoder(handle_unknown='ignore', sparse_output=False), ['isHoliday', 'has_kiosk', 'weather_cluster', 'workhours', 'commute', 'free', 'night']), ('sin_mo... validate=True), ['month']), ('cos_hour', FunctionTransformer(feature_names_out='one-to-one', func=<function cos_transformer.<locals>._transform at 0x0000015405B6E660>, validate=True), ['hour']), ('cos_weekday', FunctionTransformer(feature_names_out='one-to-one', func=<function cos_transformer.<locals>._transform at 0x0000015405B6F9C0>, validate=True), ['weekday'])]), 'regressor__max_depth': 3, 'regressor__min_samples_split': 2}",0.201987430722536,0.4494301177297044,0.2631075572515994
2025-05-10_22:42:45,True,xgboost,2,"{'preprocessing': ColumnTransformer(remainder='passthrough', transformers=[('num', StandardScaler(), ['temperature_2m', 'rain', 'snowfall', 'cloud_cover', 'wind_speed_10m', 'num_bikes_available', 'latitude', 'longitude']), ('cat', OneHotEncoder(handle_unknown='ignore', sparse_output=False), ['isHoliday', 'has_kiosk', 'weather_cluster', 'workhours', 'commute', 'free', 'night']), ('time', OneHotEncoder(handle_unknown='ignore', sparse_output=False), ['weekday', 'day', 'month', 'hour'])]), 'regressor__learning_rate': 0.1, 'regressor__max_depth': 3, 'regressor__n_estimators': 50}",0.19049368746696232,0.4364558253328306,0.3057149039627934
2025-05-10_22:52:03,True,random_forest,3,"{'preprocessing': ColumnTransformer(remainder='passthrough', transformers=[('num', StandardScaler(), ['temperature_2m', 'rain', 'snowfall', 'cloud_cover', 'wind_speed_10m', 'num_bikes_available', 'latitude', 'longitude']), ('cat', OneHotEncoder(handle_unknown='ignore', sparse_output=False), ['isHoliday', 'has_kiosk', 'weather_cluster', 'workhours', 'commute', 'free', 'night']), ('sin_mo... validate=True), ['month']), ('cos_hour', FunctionTransformer(feature_names_out='one-to-one', func=<function cos_transformer.<locals>._transform at 0x000001540412FB00>, validate=True), ['hour']), ('cos_weekday', FunctionTransformer(feature_names_out='one-to-one', func=<function cos_transformer.<locals>._transform at 0x000001540412EAC0>, validate=True), ['weekday'])]), 'regressor__max_depth': 10, 'regressor__min_samples_split': 20, 'regressor__n_estimators': 100}",0.7496252004627595,0.8658089861295963,0.405041890348342
2025-05-10_22:52:04,True,linear,3,"{'preprocessing': ColumnTransformer(remainder='passthrough', transformers=[('num', StandardScaler(), ['temperature_2m', 'rain', 'snowfall', 'cloud_cover', 'wind_speed_10m', 'num_bikes_available', 'latitude', 'longitude']), ('cat', OneHotEncoder(handle_unknown='ignore', sparse_output=False), ['isHoliday', 'has_kiosk', 'weather_cluster', 'workhours', 'commute', 'free', 'night']), ('time', OneHotEncoder(handle_unknown='ignore', sparse_output=False), ['weekday', 'day', 'month', 'hour'])])}",0.739835308287308,0.860136796264006,0.7811515353257263
2025-05-10_22:52:43,True,lasso,3,"{'preprocessing': ColumnTransformer(remainder='passthrough', transformers=[('num', StandardScaler(), ['temperature_2m', 'rain', 'snowfall', 'cloud_cover', 'wind_speed_10m', 'num_bikes_available', 'latitude', 'longitude']), ('cat', OneHotEncoder(handle_unknown='ignore', sparse_output=False), ['isHoliday', 'has_kiosk', 'weather_cluster', 'workhours', 'commute', 'free', 'night'])]), 'regressor__alpha': np.float64(0.03359818286283781), 'regressor__max_iter': 1000}",0.7204206860059688,0.8487759928308345,0.8402221604086961
2025-05-10_22:52:58,True,ridge,3,"{'preprocessing': ColumnTransformer(remainder='passthrough', transformers=[('num', StandardScaler(), ['temperature_2m', 'rain', 'snowfall', 'cloud_cover', 'wind_speed_10m', 'num_bikes_available', 'latitude', 'longitude']), ('cat', OneHotEncoder(handle_unknown='ignore', sparse_output=False), ['isHoliday', 'has_kiosk', 'weather_cluster', 'workhours', 'commute', 'free', 'night']), ('time', OneHotEncoder(handle_unknown='ignore', sparse_output=False), ['weekday', 'day', 'month', 'hour'])]), 'regressor__alpha': np.float64(3792.690190732246)}",0.7202876298469227,0.8486976080129617,0.7842970219824966
2025-05-10_22:53:12,True,polynomial,3,"{'poly__poly__degree': 2, 'preprocessing': ColumnTransformer(remainder='passthrough', transformers=[('num', StandardScaler(), ['temperature_2m', 'rain', 'snowfall', 'cloud_cover', 'wind_speed_10m', 'num_bikes_available', 'latitude', 'longitude']), ('cat', OneHotEncoder(handle_unknown='ignore', sparse_output=False), ['isHoliday', 'has_kiosk', 'weather_cluster', 'workhours', 'commute', 'free', 'night']), ('time', OneHotEncoder(handle_unknown='ignore', sparse_output=False), ['weekday', 'day', 'month', 'hour'])])}",0.7573630370961546,0.8702660725870879,0.7651329454615845
2025-05-10_22:53:33,True,decision_tree,3,"{'preprocessing': ColumnTransformer(remainder='passthrough', transformers=[('num', StandardScaler(), ['temperature_2m', 'rain', 'snowfall', 'cloud_cover', 'wind_speed_10m', 'num_bikes_available', 'latitude', 'longitude']), ('cat', OneHotEncoder(handle_unknown='ignore', sparse_output=False), ['isHoliday', 'has_kiosk', 'weather_cluster', 'workhours', 'commute', 'free', 'night']), ('sin_mo... validate=True), ['month']), ('cos_hour', FunctionTransformer(feature_names_out='one-to-one', func=<function cos_transformer.<locals>._transform at 0x000001540412FB00>, validate=True), ['hour']), ('cos_weekday', FunctionTransformer(feature_names_out='one-to-one', func=<function cos_transformer.<locals>._transform at 0x000001540412EAC0>, validate=True), ['weekday'])]), 'regressor__max_depth': 3, 'regressor__min_samples_split': 2}",0.7242364007701986,0.8510207992582781,0.5809490947024092
2025-05-10_22:53:51,True,xgboost,3,"{'preprocessing': ColumnTransformer(remainder='passthrough', transformers=[('num', StandardScaler(), ['temperature_2m', 'rain', 'snowfall', 'cloud_cover', 'wind_speed_10m', 'num_bikes_available', 'latitude', 'longitude']), ('cat', OneHotEncoder(handle_unknown='ignore', sparse_output=False), ['isHoliday', 'has_kiosk', 'weather_cluster', 'workhours', 'commute', 'free', 'night'])]), 'regressor__learning_rate': 0.1, 'regressor__max_depth': 3, 'regressor__n_estimators': 50}",0.6965325306933362,0.8345852447134062,0.6580518207022102
2025-05-10_22:56:26,True,random_forest,4,"{'preprocessing': ColumnTransformer(remainder='passthrough', transformers=[('num', StandardScaler(), ['temperature_2m', 'rain', 'snowfall', 'cloud_cover', 'wind_speed_10m', 'num_bikes_available', 'latitude', 'longitude']), ('cat', OneHotEncoder(handle_unknown='ignore', sparse_output=False), ['isHoliday', 'has_kiosk', 'weather_cluster', 'workhours', 'commute', 'free', 'night']), ('sin_mo... validate=True), ['month']), ('cos_hour', FunctionTransformer(feature_names_out='one-to-one', func=<function cos_transformer.<locals>._transform at 0x0000015403C4B4C0>, validate=True), ['hour']), ('cos_weekday', FunctionTransformer(feature_names_out='one-to-one', func=<function cos_transformer.<locals>._transform at 0x0000015403C4A520>, validate=True), ['weekday'])]), 'regressor__max_depth': 20, 'regressor__min_samples_split': 10, 'regressor__n_estimators': 50}",9.781128923202413,3.127479643930942,1.5670335986096702
2025-05-10_22:56:26,True,linear,4,"{'preprocessing': ColumnTransformer(remainder='passthrough', transformers=[('num', StandardScaler(), ['temperature_2m', 'rain', 'snowfall', 'cloud_cover', 'wind_speed_10m', 'num_bikes_available', 'latitude', 'longitude']), ('cat', OneHotEncoder(handle_unknown='ignore', sparse_output=False), ['isHoliday', 'has_kiosk', 'weather_cluster', 'workhours', 'commute', 'free', 'night']), ('time', OneHotEncoder(handle_unknown='ignore', sparse_output=False), ['weekday', 'day', 'month', 'hour'])])}",13.290907095549027,3.6456696360955454,4.871909828067504
2025-05-10_22:56:41,True,lasso,4,"{'preprocessing': ColumnTransformer(remainder='passthrough', transformers=[('num', StandardScaler(), ['temperature_2m', 'rain', 'snowfall', 'cloud_cover', 'wind_speed_10m', 'num_bikes_available', 'latitude', 'longitude']), ('cat', OneHotEncoder(handle_unknown='ignore', sparse_output=False), ['isHoliday', 'has_kiosk', 'weather_cluster', 'workhours', 'commute', 'free', 'night']), ('sin_mo... validate=True), ['month']), ('cos_hour', FunctionTransformer(feature_names_out='one-to-one', func=<function cos_transformer.<locals>._transform at 0x0000015403C4B4C0>, validate=True), ['hour']), ('cos_weekday', FunctionTransformer(feature_names_out='one-to-one', func=<function cos_transformer.<locals>._transform at 0x0000015403C4A520>, validate=True), ['weekday'])]), 'regressor__alpha': np.float64(0.08858667904100823), 'regressor__max_iter': 1000}",10.817879451681936,3.2890544920511635,6.170321626201701
2025-05-10_22:56:47,True,ridge,4,"{'preprocessing': ColumnTransformer(remainder='passthrough', transformers=[('num', StandardScaler(), ['temperature_2m', 'rain', 'snowfall', 'cloud_cover', 'wind_speed_10m', 'num_bikes_available', 'latitude', 'longitude']), ('cat', OneHotEncoder(handle_unknown='ignore', sparse_output=False), ['isHoliday', 'has_kiosk', 'weather_cluster', 'workhours', 'commute', 'free', 'night']), ('sin_mo... validate=True), ['month']), ('cos_hour', FunctionTransformer(feature_names_out='one-to-one', func=<function cos_transformer.<locals>._transform at 0x0000015403C4B4C0>, validate=True), ['hour']), ('cos_weekday', FunctionTransformer(feature_names_out='one-to-one', func=<function cos_transformer.<locals>._transform at 0x0000015403C4A520>, validate=True), ['weekday'])]), 'regressor__alpha': np.float64(545.5594781168514)}",10.54513123342728,3.247326782667134,5.018490011844109
2025-05-10_22:56:50,True,polynomial,4,"{'poly__poly__degree': 2, 'preprocessing': ColumnTransformer(remainder='passthrough', transformers=[('num', StandardScaler(), ['temperature_2m', 'rain', 'snowfall', 'cloud_cover', 'wind_speed_10m', 'num_bikes_available', 'latitude', 'longitude']), ('cat', OneHotEncoder(handle_unknown='ignore', sparse_output=False), ['isHoliday', 'has_kiosk', 'weather_cluster', 'workhours', 'commute', 'free', 'night']), ('time', OneHotEncoder(handle_unknown='ignore', sparse_output=False), ['weekday', 'day', 'month', 'hour'])])}",84.96950161773003,9.217890301892838,4.6451102373302655
2025-05-10_22:56:58,True,decision_tree,4,"{'preprocessing': ColumnTransformer(remainder='passthrough', transformers=[('num', StandardScaler(), ['temperature_2m', 'rain', 'snowfall', 'cloud_cover', 'wind_speed_10m', 'num_bikes_available', 'latitude', 'longitude']), ('cat', OneHotEncoder(handle_unknown='ignore', sparse_output=False), ['isHoliday', 'has_kiosk', 'weather_cluster', 'workhours', 'commute', 'free', 'night']), ('sin_mo... validate=True), ['month']), ('cos_hour', FunctionTransformer(feature_names_out='one-to-one', func=<function cos_transformer.<locals>._transform at 0x0000015403C4B4C0>, validate=True), ['hour']), ('cos_weekday', FunctionTransformer(feature_names_out='one-to-one', func=<function cos_transformer.<locals>._transform at 0x0000015403C4A520>, validate=True), ['weekday'])]), 'regressor__max_depth': 3, 'regressor__min_samples_split': 2}",10.555977768959433,3.248996424891759,2.819675791607982
2025-05-10_22:57:06,True,xgboost,4,"{'preprocessing': ColumnTransformer(remainder='passthrough', transformers=[('num', StandardScaler(), ['temperature_2m', 'rain', 'snowfall', 'cloud_cover', 'wind_speed_10m', 'num_bikes_available', 'latitude', 'longitude']), ('cat', OneHotEncoder(handle_unknown='ignore', sparse_output=False), ['isHoliday', 'has_kiosk', 'weather_cluster', 'workhours', 'commute', 'free', 'night']), ('sin_mo... validate=True), ['month']), ('cos_hour', FunctionTransformer(feature_names_out='one-to-one', func=<function cos_transformer.<locals>._transform at 0x0000015403C4B4C0>, validate=True), ['hour']), ('cos_weekday', FunctionTransformer(feature_names_out='one-to-one', func=<function cos_transformer.<locals>._transform at 0x0000015403C4A520>, validate=True), ['weekday'])]), 'regressor__learning_rate': 0.1, 'regressor__max_depth': 3, 'regressor__n_estimators': 50}",8.873954258019193,2.978918303347575,3.3963913989915215
2025-05-10_23:00:49,True,random_forest,5,"{'preprocessing': ColumnTransformer(remainder='passthrough', transformers=[('num', StandardScaler(), ['temperature_2m', 'rain', 'snowfall', 'cloud_cover', 'wind_speed_10m', 'num_bikes_available', 'latitude', 'longitude']), ('cat', OneHotEncoder(handle_unknown='ignore', sparse_output=False), ['isHoliday', 'has_kiosk', 'weather_cluster', 'workhours', 'commute', 'free', 'night'])]), 'regressor__max_depth': 10, 'regressor__min_samples_split': 20, 'regressor__n_estimators': 100}",4.806375075962846,2.192344652640831,1.5063481320627803
2025-05-10_23:00:50,True,linear,5,"{'preprocessing': ColumnTransformer(remainder='passthrough', transformers=[('num', StandardScaler(), ['temperature_2m', 'rain', 'snowfall', 'cloud_cover', 'wind_speed_10m', 'num_bikes_available', 'latitude', 'longitude']), ('cat', OneHotEncoder(handle_unknown='ignore', sparse_output=False), ['isHoliday', 'has_kiosk', 'weather_cluster', 'workhours', 'commute', 'free', 'night']), ('time', OneHotEncoder(handle_unknown='ignore', sparse_output=False), ['weekday', 'day', 'month', 'hour'])])}",4.609658713739059,2.1470115774580862,3.8292397520751393
2025-05-10_23:01:08,True,lasso,5,"{'preprocessing': ColumnTransformer(remainder='passthrough', transformers=[('num', StandardScaler(), ['temperature_2m', 'rain', 'snowfall', 'cloud_cover', 'wind_speed_10m', 'num_bikes_available', 'latitude', 'longitude']), ('cat', OneHotEncoder(handle_unknown='ignore', sparse_output=False), ['isHoliday', 'has_kiosk', 'weather_cluster', 'workhours', 'commute', 'free', 'night']), ('time', OneHotEncoder(handle_unknown='ignore', sparse_output=False), ['weekday', 'day', 'month', 'hour'])]), 'regressor__alpha': np.float64(0.004832930238571752), 'regressor__max_iter': 1000}",4.590242531820934,2.142485129894939,4.922803145580153
2025-05-10_23:01:16,True,ridge,5,"{'preprocessing': ColumnTransformer(remainder='passthrough', transformers=[('num', StandardScaler(), ['temperature_2m', 'rain', 'snowfall', 'cloud_cover', 'wind_speed_10m', 'num_bikes_available', 'latitude', 'longitude']), ('cat', OneHotEncoder(handle_unknown='ignore', sparse_output=False), ['isHoliday', 'has_kiosk', 'weather_cluster', 'workhours', 'commute', 'free', 'night']), ('time', OneHotEncoder(handle_unknown='ignore', sparse_output=False), ['weekday', 'day', 'month', 'hour'])]), 'regressor__alpha': np.float64(78.47599703514607)}",4.583398936501009,2.140887417988393,3.92965461068069
2025-05-10_23:01:22,True,polynomial,5,"{'poly__poly__degree': 2, 'preprocessing': ColumnTransformer(remainder='passthrough', transformers=[('num', StandardScaler(), ['temperature_2m', 'rain', 'snowfall', 'cloud_cover', 'wind_speed_10m', 'num_bikes_available', 'latitude', 'longitude']), ('cat', OneHotEncoder(handle_unknown='ignore', sparse_output=False), ['isHoliday', 'has_kiosk', 'weather_cluster', 'workhours', 'commute', 'free', 'night'])])}",24.938428178712265,4.993839022106366,3.784452870542358
2025-05-10_23:01:33,True,decision_tree,5,"{'preprocessing': ColumnTransformer(remainder='passthrough', transformers=[('num', StandardScaler(), ['temperature_2m', 'rain', 'snowfall', 'cloud_cover', 'wind_speed_10m', 'num_bikes_available', 'latitude', 'longitude']), ('cat', OneHotEncoder(handle_unknown='ignore', sparse_output=False), ['isHoliday', 'has_kiosk', 'weather_cluster', 'workhours', 'commute', 'free', 'night']), ('time', OneHotEncoder(handle_unknown='ignore', sparse_output=False), ['weekday', 'day', 'month', 'hour'])]), 'regressor__max_depth': 3, 'regressor__min_samples_split': 2}",4.8958736283219935,2.212662113455643,2.5241108492943796
2025-05-10_23:01:45,True,xgboost,5,"{'preprocessing': ColumnTransformer(remainder='passthrough', transformers=[('num', StandardScaler(), ['temperature_2m', 'rain', 'snowfall', 'cloud_cover', 'wind_speed_10m', 'num_bikes_available', 'latitude', 'longitude']), ('cat', OneHotEncoder(handle_unknown='ignore', sparse_output=False), ['isHoliday', 'has_kiosk', 'weather_cluster', 'workhours', 'commute', 'free', 'night']), ('sin_mo... validate=True), ['month']), ('cos_hour', FunctionTransformer(feature_names_out='one-to-one', func=<function cos_transformer.<locals>._transform at 0x00000154078B40E0>, validate=True), ['hour']), ('cos_weekday', FunctionTransformer(feature_names_out='one-to-one', func=<function cos_transformer.<locals>._transform at 0x00000154078B4F40>, validate=True), ['weekday'])]), 'regressor__learning_rate': 0.1, 'regressor__max_depth': 3, 'regressor__n_estimators': 50}",4.646820610144645,2.155648535857514,3.0703162372499837
2025-05-10_23:04:24,True,random_forest,6,"{'preprocessing': ColumnTransformer(remainder='passthrough', transformers=[('num', StandardScaler(), ['temperature_2m', 'rain', 'snowfall', 'cloud_cover', 'wind_speed_10m', 'num_bikes_available', 'latitude', 'longitude']), ('cat', OneHotEncoder(handle_unknown='ignore', sparse_output=False), ['isHoliday', 'has_kiosk', 'weather_cluster', 'workhours', 'commute', 'free', 'night']), ('sin_mo... validate=True), ['month']), ('cos_hour', FunctionTransformer(feature_names_out='one-to-one', func=<function cos_transformer.<locals>._transform at 0x0000015405BB3CE0>, validate=True), ['hour']), ('cos_weekday', FunctionTransformer(feature_names_out='one-to-one', func=<function cos_transformer.<locals>._transform at 0x0000015405BB36A0>, validate=True), ['weekday'])]), 'regressor__max_depth': 10, 'regressor__min_samples_split': 20, 'regressor__n_estimators': 100}",7.030600131067425,2.651527886156852,2.763836148227807
2025-05-10_23:04:25,True,linear,6,"{'preprocessing': ColumnTransformer(remainder='passthrough', transformers=[('num', StandardScaler(), ['temperature_2m', 'rain', 'snowfall', 'cloud_cover', 'wind_speed_10m', 'num_bikes_available', 'latitude', 'longitude']), ('cat', OneHotEncoder(handle_unknown='ignore', sparse_output=False), ['isHoliday', 'has_kiosk', 'weather_cluster', 'workhours', 'commute', 'free', 'night']), ('time', OneHotEncoder(handle_unknown='ignore', sparse_output=False), ['weekday', 'day', 'month', 'hour'])])}",8.45105234394003,2.907069373774907,7.307047813751605
2025-05-10_23:04:39,True,lasso,6,"{'preprocessing': ColumnTransformer(remainder='passthrough', transformers=[('num', StandardScaler(), ['temperature_2m', 'rain', 'snowfall', 'cloud_cover', 'wind_speed_10m', 'num_bikes_available', 'latitude', 'longitude']), ('cat', OneHotEncoder(handle_unknown='ignore', sparse_output=False), ['isHoliday', 'has_kiosk', 'weather_cluster', 'workhours', 'commute', 'free', 'night']), ('sin_mo... validate=True), ['month']), ('cos_hour', FunctionTransformer(feature_names_out='one-to-one', func=<function cos_transformer.<locals>._transform at 0x0000015405BB3CE0>, validate=True), ['hour']), ('cos_weekday', FunctionTransformer(feature_names_out='one-to-one', func=<function cos_transformer.<locals>._transform at 0x0000015405BB36A0>, validate=True), ['weekday'])]), 'regressor__alpha': np.float64(0.08858667904100823), 'regressor__max_iter': 1000}",8.368457429187682,2.892828620777194,9.919478583317849
2025-05-10_23:04:46,True,ridge,6,"{'preprocessing': ColumnTransformer(remainder='passthrough', transformers=[('num', StandardScaler(), ['temperature_2m', 'rain', 'snowfall', 'cloud_cover', 'wind_speed_10m', 'num_bikes_available', 'latitude', 'longitude']), ('cat', OneHotEncoder(handle_unknown='ignore', sparse_output=False), ['isHoliday', 'has_kiosk', 'weather_cluster', 'workhours', 'commute', 'free', 'night']), ('time', OneHotEncoder(handle_unknown='ignore', sparse_output=False), ['weekday', 'day', 'month', 'hour'])]), 'regressor__alpha': np.float64(206.913808111479)}",8.318294517468313,2.8841453703772135,7.6434068900038055
2025-05-10_23:04:49,True,polynomial,6,"{'poly__poly__degree': 2, 'preprocessing': ColumnTransformer(remainder='passthrough', transformers=[('num', StandardScaler(), ['temperature_2m', 'rain', 'snowfall', 'cloud_cover', 'wind_speed_10m', 'num_bikes_available', 'latitude', 'longitude']), ('cat', OneHotEncoder(handle_unknown='ignore', sparse_output=False), ['isHoliday', 'has_kiosk', 'weather_cluster', 'workhours', 'commute', 'free', 'night']), ('time', OneHotEncoder(handle_unknown='ignore', sparse_output=False), ['weekday', 'day', 'month', 'hour'])])}",32.72475152864356,5.7205551766103575,7.1207138900370035
2025-05-10_23:04:58,True,decision_tree,6,"{'preprocessing': ColumnTransformer(remainder='passthrough', transformers=[('num', StandardScaler(), ['temperature_2m', 'rain', 'snowfall', 'cloud_cover', 'wind_speed_10m', 'num_bikes_available', 'latitude', 'longitude']), ('cat', OneHotEncoder(handle_unknown='ignore', sparse_output=False), ['isHoliday', 'has_kiosk', 'weather_cluster', 'workhours', 'commute', 'free', 'night'])]), 'regressor__max_depth': 5, 'regressor__min_samples_split': 20}",7.901666442542232,2.8109902957040305,4.92600727308598
2025-05-10_23:05:06,True,xgboost,6,"{'preprocessing': ColumnTransformer(remainder='passthrough', transformers=[('num', StandardScaler(), ['temperature_2m', 'rain', 'snowfall', 'cloud_cover', 'wind_speed_10m', 'num_bikes_available', 'latitude', 'longitude']), ('cat', OneHotEncoder(handle_unknown='ignore', sparse_output=False), ['isHoliday', 'has_kiosk', 'weather_cluster', 'workhours', 'commute', 'free', 'night'])]), 'regressor__learning_rate': 0.1, 'regressor__max_depth': 3, 'regressor__n_estimators': 50}",7.263540894452225,2.695095711556869,5.961674499731939
2025-05-10_23:07:31,True,random_forest,7,"{'preprocessing': ColumnTransformer(remainder='passthrough', transformers=[('num', StandardScaler(), ['temperature_2m', 'rain', 'snowfall', 'cloud_cover', 'wind_speed_10m', 'num_bikes_available', 'latitude', 'longitude']), ('cat', OneHotEncoder(handle_unknown='ignore', sparse_output=False), ['isHoliday', 'has_kiosk', 'weather_cluster', 'workhours', 'commute', 'free', 'night']), ('time', OneHotEncoder(handle_unknown='ignore', sparse_output=False), ['weekday', 'day', 'month', 'hour'])]), 'regressor__max_depth': 10, 'regressor__min_samples_split': 20, 'regressor__n_estimators': 50}",5.167054823270039,2.2731156642964825,1.7989657416551708
2025-05-10_23:07:31,True,linear,7,"{'preprocessing': ColumnTransformer(remainder='passthrough', transformers=[('num', StandardScaler(), ['temperature_2m', 'rain', 'snowfall', 'cloud_cover', 'wind_speed_10m', 'num_bikes_available', 'latitude', 'longitude']), ('cat', OneHotEncoder(handle_unknown='ignore', sparse_output=False), ['isHoliday', 'has_kiosk', 'weather_cluster', 'workhours', 'commute', 'free', 'night']), ('sin_mo... validate=True), ['month']), ('cos_hour', FunctionTransformer(feature_names_out='one-to-one', func=<function cos_transformer.<locals>._transform at 0x0000015406627100>, validate=True), ['hour']), ('cos_weekday', FunctionTransformer(feature_names_out='one-to-one', func=<function cos_transformer.<locals>._transform at 0x0000015406627380>, validate=True), ['weekday'])])}",177.4502993024914,13.32104722994748,4.70735886966258
2025-05-10_23:07:44,True,lasso,7,"{'preprocessing': ColumnTransformer(remainder='passthrough', transformers=[('num', StandardScaler(), ['temperature_2m', 'rain', 'snowfall', 'cloud_cover', 'wind_speed_10m', 'num_bikes_available', 'latitude', 'longitude']), ('cat', OneHotEncoder(handle_unknown='ignore', sparse_output=False), ['isHoliday', 'has_kiosk', 'weather_cluster', 'workhours', 'commute', 'free', 'night'])]), 'regressor__alpha': np.float64(0.08858667904100823), 'regressor__max_iter': 1000}",5.988396920982197,2.4471201280244084,5.467207376706823
2025-05-10_23:07:51,True,ridge,7,"{'preprocessing': ColumnTransformer(remainder='passthrough', transformers=[('num', StandardScaler(), ['temperature_2m', 'rain', 'snowfall', 'cloud_cover', 'wind_speed_10m', 'num_bikes_available', 'latitude', 'longitude']), ('cat', OneHotEncoder(handle_unknown='ignore', sparse_output=False), ['isHoliday', 'has_kiosk', 'weather_cluster', 'workhours', 'commute', 'free', 'night']), ('time', OneHotEncoder(handle_unknown='ignore', sparse_output=False), ['weekday', 'day', 'month', 'hour'])]), 'regressor__alpha': np.float64(545.5594781168514)}",5.817176215262911,2.4118822971411586,4.799590877042385
2025-05-10_23:07:54,True,polynomial,7,"{'poly__poly__degree': 2, 'preprocessing': ColumnTransformer(remainder='passthrough', transformers=[('num', StandardScaler(), ['temperature_2m', 'rain', 'snowfall', 'cloud_cover', 'wind_speed_10m', 'num_bikes_available', 'latitude', 'longitude']), ('cat', OneHotEncoder(handle_unknown='ignore', sparse_output=False), ['isHoliday', 'has_kiosk', 'weather_cluster', 'workhours', 'commute', 'free', 'night'])])}",62.16863268078348,7.884708788584616,4.562716653443609
2025-05-10_23:08:02,True,decision_tree,7,"{'preprocessing': ColumnTransformer(remainder='passthrough', transformers=[('num', StandardScaler(), ['temperature_2m', 'rain', 'snowfall', 'cloud_cover', 'wind_speed_10m', 'num_bikes_available', 'latitude', 'longitude']), ('cat', OneHotEncoder(handle_unknown='ignore', sparse_output=False), ['isHoliday', 'has_kiosk', 'weather_cluster', 'workhours', 'commute', 'free', 'night']), ('sin_mo... validate=True), ['month']), ('cos_hour', FunctionTransformer(feature_names_out='one-to-one', func=<function cos_transformer.<locals>._transform at 0x0000015406627100>, validate=True), ['hour']), ('cos_weekday', FunctionTransformer(feature_names_out='one-to-one', func=<function cos_transformer.<locals>._transform at 0x0000015406627380>, validate=True), ['weekday'])]), 'regressor__max_depth': 3, 'regressor__min_samples_split': 2}",5.423916163590583,2.3289302616417227,3.086115767656252
2025-05-10_23:08:10,True,xgboost,7,"{'preprocessing': ColumnTransformer(remainder='passthrough', transformers=[('num', StandardScaler(), ['temperature_2m', 'rain', 'snowfall', 'cloud_cover', 'wind_speed_10m', 'num_bikes_available', 'latitude', 'longitude']), ('cat', OneHotEncoder(handle_unknown='ignore', sparse_output=False), ['isHoliday', 'has_kiosk', 'weather_cluster', 'workhours', 'commute', 'free', 'night']), ('sin_mo... validate=True), ['month']), ('cos_hour', FunctionTransformer(feature_names_out='one-to-one', func=<function cos_transformer.<locals>._transform at 0x0000015406627100>, validate=True), ['hour']), ('cos_weekday', FunctionTransformer(feature_names_out='one-to-one', func=<function cos_transformer.<locals>._transform at 0x0000015406627380>, validate=True), ['weekday'])]), 'regressor__learning_rate': 0.1, 'regressor__max_depth': 3, 'regressor__n_estimators': 50}",5.318075094369497,2.306095204966503,3.480517092369411
2025-05-10_23:19:11,True,random_forest,8,"{'preprocessing': ColumnTransformer(remainder='passthrough', transformers=[('num', StandardScaler(), ['temperature_2m', 'rain', 'snowfall', 'cloud_cover', 'wind_speed_10m', 'num_bikes_available', 'latitude', 'longitude']), ('cat', OneHotEncoder(handle_unknown='ignore', sparse_output=False), ['isHoliday', 'has_kiosk', 'weather_cluster', 'workhours', 'commute', 'free', 'night']), ('sin_mo... validate=True), ['month']), ('cos_hour', FunctionTransformer(feature_names_out='one-to-one', func=<function cos_transformer.<locals>._transform at 0x000001540788B4C0>, validate=True), ['hour']), ('cos_weekday', FunctionTransformer(feature_names_out='one-to-one', func=<function cos_transformer.<locals>._transform at 0x0000015407889300>, validate=True), ['weekday'])]), 'regressor__max_depth': 10, 'regressor__min_samples_split': 20, 'regressor__n_estimators': 100}",0.2491996419976413,0.4991990003972777,0.21332857702738003
2025-05-10_23:19:13,True,linear,8,"{'preprocessing': ColumnTransformer(remainder='passthrough', transformers=[('num', StandardScaler(), ['temperature_2m', 'rain', 'snowfall', 'cloud_cover', 'wind_speed_10m', 'num_bikes_available', 'latitude', 'longitude']), ('cat', OneHotEncoder(handle_unknown='ignore', sparse_output=False), ['isHoliday', 'has_kiosk', 'weather_cluster', 'workhours', 'commute', 'free', 'night']), ('sin_mo... validate=True), ['month']), ('cos_hour', FunctionTransformer(feature_names_out='one-to-one', func=<function cos_transformer.<locals>._transform at 0x000001540788B4C0>, validate=True), ['hour']), ('cos_weekday', FunctionTransformer(feature_names_out='one-to-one', func=<function cos_transformer.<locals>._transform at 0x0000015407889300>, validate=True), ['weekday'])])}",0.23783679893422177,0.4876851432371318,0.4786699954726841
2025-05-10_23:19:51,True,lasso,8,"{'preprocessing': ColumnTransformer(remainder='passthrough', transformers=[('num', StandardScaler(), ['temperature_2m', 'rain', 'snowfall', 'cloud_cover', 'wind_speed_10m', 'num_bikes_available', 'latitude', 'longitude']), ('cat', OneHotEncoder(handle_unknown='ignore', sparse_output=False), ['isHoliday', 'has_kiosk', 'weather_cluster', 'workhours', 'commute', 'free', 'night']), ('time', OneHotEncoder(handle_unknown='ignore', sparse_output=False), ['weekday', 'day', 'month', 'hour'])]), 'regressor__alpha': np.float64(0.03359818286283781), 'regressor__max_iter': 1000}",0.2278812339624104,0.47736907520534927,0.5085512272219087
2025-05-10_23:20:07,True,ridge,8,"{'preprocessing': ColumnTransformer(remainder='passthrough', transformers=[('num', StandardScaler(), ['temperature_2m', 'rain', 'snowfall', 'cloud_cover', 'wind_speed_10m', 'num_bikes_available', 'latitude', 'longitude']), ('cat', OneHotEncoder(handle_unknown='ignore', sparse_output=False), ['isHoliday', 'has_kiosk', 'weather_cluster', 'workhours', 'commute', 'free', 'night']), ('time', OneHotEncoder(handle_unknown='ignore', sparse_output=False), ['weekday', 'day', 'month', 'hour'])]), 'regressor__alpha': np.float64(10000.0)}",0.2224246458666538,0.4716191746172475,0.4797237905588504
2025-05-10_23:20:21,True,polynomial,8,"{'poly__poly__degree': 2, 'preprocessing': ColumnTransformer(remainder='passthrough', transformers=[('num', StandardScaler(), ['temperature_2m', 'rain', 'snowfall', 'cloud_cover', 'wind_speed_10m', 'num_bikes_available', 'latitude', 'longitude']), ('cat', OneHotEncoder(handle_unknown='ignore', sparse_output=False), ['isHoliday', 'has_kiosk', 'weather_cluster', 'workhours', 'commute', 'free', 'night']), ('sin_mo... validate=True), ['month']), ('cos_hour', FunctionTransformer(feature_names_out='one-to-one', func=<function cos_transformer.<locals>._transform at 0x000001540788B4C0>, validate=True), ['hour']), ('cos_weekday', FunctionTransformer(feature_names_out='one-to-one', func=<function cos_transformer.<locals>._transform at 0x0000015407889300>, validate=True), ['weekday'])])}",0.24127374653305855,0.49119624034906717,0.46977936169568246
2025-05-10_23:20:48,True,decision_tree,8,"{'preprocessing': ColumnTransformer(remainder='passthrough', transformers=[('num', StandardScaler(), ['temperature_2m', 'rain', 'snowfall', 'cloud_cover', 'wind_speed_10m', 'num_bikes_available', 'latitude', 'longitude']), ('cat', OneHotEncoder(handle_unknown='ignore', sparse_output=False), ['isHoliday', 'has_kiosk', 'weather_cluster', 'workhours', 'commute', 'free', 'night']), ('sin_mo... validate=True), ['month']), ('cos_hour', FunctionTransformer(feature_names_out='one-to-one', func=<function cos_transformer.<locals>._transform at 0x000001540788B4C0>, validate=True), ['hour']), ('cos_weekday', FunctionTransformer(feature_names_out='one-to-one', func=<function cos_transformer.<locals>._transform at 0x0000015407889300>, validate=True), ['weekday'])]), 'regressor__max_depth': 5, 'regressor__min_samples_split': 10}",0.2715417041631859,0.521096636108108,0.31961521947971056
2025-05-10_23:21:07,True,xgboost,8,"{'preprocessing': ColumnTransformer(remainder='passthrough', transformers=[('num', StandardScaler(), ['temperature_2m', 'rain', 'snowfall', 'cloud_cover', 'wind_speed_10m', 'num_bikes_available', 'latitude', 'longitude']), ('cat', OneHotEncoder(handle_unknown='ignore', sparse_output=False), ['isHoliday', 'has_kiosk', 'weather_cluster', 'workhours', 'commute', 'free', 'night']), ('time', OneHotEncoder(handle_unknown='ignore', sparse_output=False), ['weekday', 'day', 'month', 'hour'])]), 'regressor__learning_rate': 0.01, 'regressor__max_depth': 3, 'regressor__n_estimators': 100}",0.22351676871660797,0.4727756008050838,0.3726370850010115
2025-05-11_00:30:37,True,random_forest,9,"{'preprocessing': ColumnTransformer(remainder='passthrough', transformers=[('num', StandardScaler(), ['temperature_2m', 'rain', 'snowfall', 'cloud_cover', 'wind_speed_10m', 'num_bikes_available', 'latitude', 'longitude']), ('cat', OneHotEncoder(handle_unknown='ignore', sparse_output=False), ['isHoliday', 'has_kiosk', 'weather_cluster', 'workhours', 'commute', 'free', 'night'])]), 'regressor__max_depth': 10, 'regressor__min_samples_split': 20, 'regressor__n_estimators': 100}",0.39956148789387097,0.6321087627092912,0.19870379124972565
2025-05-11_00:30:38,True,linear,9,"{'preprocessing': ColumnTransformer(remainder='passthrough', transformers=[('num', StandardScaler(), ['temperature_2m', 'rain', 'snowfall', 'cloud_cover', 'wind_speed_10m', 'num_bikes_available', 'latitude', 'longitude']), ('cat', OneHotEncoder(handle_unknown='ignore', sparse_output=False), ['isHoliday', 'has_kiosk', 'weather_cluster', 'workhours', 'commute', 'free', 'night']), ('time', OneHotEncoder(handle_unknown='ignore', sparse_output=False), ['weekday', 'day', 'month', 'hour'])])}",0.4070989920300946,0.6380430957467486,0.5103714433681871
2025-05-11_00:31:04,True,lasso,9,"{'preprocessing': ColumnTransformer(remainder='passthrough', transformers=[('num', StandardScaler(), ['temperature_2m', 'rain', 'snowfall', 'cloud_cover', 'wind_speed_10m', 'num_bikes_available', 'latitude', 'longitude']), ('cat', OneHotEncoder(handle_unknown='ignore', sparse_output=False), ['isHoliday', 'has_kiosk', 'weather_cluster', 'workhours', 'commute', 'free', 'night'])]), 'regressor__alpha': np.float64(0.23357214690901212), 'regressor__max_iter': 1000}",0.3892818122539766,0.6239245244851148,0.5385124337469669
2025-05-11_00:31:15,True,ridge,9,"{'preprocessing': ColumnTransformer(remainder='passthrough', transformers=[('num', StandardScaler(), ['temperature_2m', 'rain', 'snowfall', 'cloud_cover', 'wind_speed_10m', 'num_bikes_available', 'latitude', 'longitude']), ('cat', OneHotEncoder(handle_unknown='ignore', sparse_output=False), ['isHoliday', 'has_kiosk', 'weather_cluster', 'workhours', 'commute', 'free', 'night']), ('sin_mo... validate=True), ['month']), ('cos_hour', FunctionTransformer(feature_names_out='one-to-one', func=<function cos_transformer.<locals>._transform at 0x0000015405B7AE80>, validate=True), ['hour']), ('cos_weekday', FunctionTransformer(feature_names_out='one-to-one', func=<function cos_transformer.<locals>._transform at 0x0000015405B79DA0>, validate=True), ['weekday'])]), 'regressor__alpha': np.float64(10000.0)}",0.38160719433022194,0.6177436315578024,0.511866975761433
2025-05-11_00:31:25,True,polynomial,9,"{'poly__poly__degree': 2, 'preprocessing': ColumnTransformer(remainder='passthrough', transformers=[('num', StandardScaler(), ['temperature_2m', 'rain', 'snowfall', 'cloud_cover', 'wind_speed_10m', 'num_bikes_available', 'latitude', 'longitude']), ('cat', OneHotEncoder(handle_unknown='ignore', sparse_output=False), ['isHoliday', 'has_kiosk', 'weather_cluster', 'workhours', 'commute', 'free', 'night']), ('time', OneHotEncoder(handle_unknown='ignore', sparse_output=False), ['weekday', 'day', 'month', 'hour'])])}",0.4155410164149963,0.6446247097459081,0.49865097418634885
2025-05-11_00:31:41,True,decision_tree,9,"{'preprocessing': ColumnTransformer(remainder='passthrough', transformers=[('num', StandardScaler(), ['temperature_2m', 'rain', 'snowfall', 'cloud_cover', 'wind_speed_10m', 'num_bikes_available', 'latitude', 'longitude']), ('cat', OneHotEncoder(handle_unknown='ignore', sparse_output=False), ['isHoliday', 'has_kiosk', 'weather_cluster', 'workhours', 'commute', 'free', 'night']), ('time', OneHotEncoder(handle_unknown='ignore', sparse_output=False), ['weekday', 'day', 'month', 'hour'])]), 'regressor__max_depth': 5, 'regressor__min_samples_split': 5}",0.39979284735874543,0.6322917422825839,0.3285997761010306
2025-05-11_00:31:58,True,xgboost,9,"{'preprocessing': ColumnTransformer(remainder='passthrough', transformers=[('num', StandardScaler(), ['temperature_2m', 'rain', 'snowfall', 'cloud_cover', 'wind_speed_10m', 'num_bikes_available', 'latitude', 'longitude']), ('cat', OneHotEncoder(handle_unknown='ignore', sparse_output=False), ['isHoliday', 'has_kiosk', 'weather_cluster', 'workhours', 'commute', 'free', 'night']), ('time', OneHotEncoder(handle_unknown='ignore', sparse_output=False), ['weekday', 'day', 'month', 'hour'])]), 'regressor__learning_rate': 0.1, 'regressor__max_depth': 3, 'regressor__n_estimators': 50}",0.3690351021734509,0.6074825941320878,0.3879164912544617
2025-05-11_15:23:27,False,linear,citywide-aggregate,"{'preprocessing': ColumnTransformer(remainder='passthrough', transformers=[('num', StandardScaler(), ['temperature_2m', 'rain', 'snowfall', 'cloud_cover', 'wind_speed_10m']), ('cat', OneHotEncoder(handle_unknown='ignore', sparse_output=False), ['isHoliday', 'workhours', 'commute', 'free', 'night']), ('time', OneHotEncoder(handle_unknown='ignore', sparse_output=False), ['weekday', 'day', 'month', 'hour'])])}",40984.12303537185,202.4453581472587,27834.80746400809
2025-05-11_15:24:18,False,lasso,citywide-aggregate,"{'preprocessing': ColumnTransformer(remainder='passthrough', transformers=[('num', StandardScaler(), ['temperature_2m', 'rain', 'snowfall', 'cloud_cover', 'wind_speed_10m']), ('cat', OneHotEncoder(handle_unknown='ignore', sparse_output=False), ['isHoliday', 'workhours', 'commute', 'free', 'night']), ('time', OneHotEncoder(handle_unknown='ignore', sparse_output=False), ['weekday', 'day', 'month', 'hour'])]), 'regressor__alpha': np.float64(0.03359818286283781), 'regressor__max_iter': 1000}",40703.2552775362,201.75047776284495,48880.87041054981
2025-05-11_15:24:28,False,ridge,citywide-aggregate,"{'preprocessing': ColumnTransformer(remainder='passthrough', transformers=[('num', StandardScaler(), ['temperature_2m', 'rain', 'snowfall', 'cloud_cover', 'wind_speed_10m']), ('cat', OneHotEncoder(handle_unknown='ignore', sparse_output=False), ['isHoliday', 'workhours', 'commute', 'free', 'night']), ('time', OneHotEncoder(handle_unknown='ignore', sparse_output=False), ['weekday', 'day', 'month', 'hour'])]), 'regressor__alpha': np.float64(0.0001)}",40984.12955632906,202.44537425273285,31845.557316261322
2025-05-11_15:24:37,False,decision_tree,citywide-aggregate,"{'preprocessing': ColumnTransformer(remainder='passthrough', transformers=[('num', StandardScaler(), ['temperature_2m', 'rain', 'snowfall', 'cloud_cover', 'wind_speed_10m']), ('cat', OneHotEncoder(handle_unknown='ignore', sparse_output=False), ['isHoliday', 'workhours', 'commute', 'free', 'night'])]), 'regressor__max_depth': 20, 'regressor__min_samples_split': 15}",24684.742176643784,157.11378735376402,16934.650667540962
2025-05-11_15:24:47,False,xgboost,citywide-aggregate,"{'preprocessing': ColumnTransformer(remainder='passthrough', transformers=[('num', StandardScaler(), ['temperature_2m', 'rain', 'snowfall', 'cloud_cover', 'wind_speed_10m']), ('cat', OneHotEncoder(handle_unknown='ignore', sparse_output=False), ['isHoliday', 'workhours', 'commute', 'free', 'night'])]), 'regressor__learning_rate': 0.1, 'regressor__max_depth': 6, 'regressor__n_estimators': 100}",17344.417812046428,131.6982073228274,24971.350613169936
